0,8,8,1,8,2,1,0,0,1,0,0
0,8,10,1,8,2,1,0,0,1,0,0
0,8,12,1,8,2,1,0,0,1,0,0
0,8,14,1,8,2,1,0,0,1,0,0
0,8,16,1,8,2,1,0,0,1,0,0
0,8,18,1,8,2,1,0,0,1,0,0
0,8,20,1,8,2,1,0,0,1,0,0
0,8,22,1,8,2,1,0,0,1,0,0
0,8,24,1,2,1,1,0,0,1,0,0
0,9,25,1,1,1,1,0,0,1,0,0
0,10,24,1,2,2,1,0,0,1,0,0
0,11,6,1,8,2,1,0,0,1,0,0
0,12,24,1,4,2,1,0,0,1,0,0
0,16,8,1,8,2,1,0,0,1,0,0
0,16,10,1,8,2,1,0,0,1,0,0
0,16,12,1,8,2,1,0,0,1,0,0
0,16,14,1,8,2,1,0,0,1,0,0
0,16,16,1,8,2,1,0,0,1,0,0
0,16,18,1,8,2,1,0,0,1,0,0
0,16,20,1,8,2,1,0,0,1,0,0
0,16,22,1,8,2,1,0,0,1,0,0
0,16,24,1,8,2,1,0,0,1,0,0
0,19,6,1,4,2,1,0,0,1,0,0
0,24,8,1,2,8,1,0,0,1,0,0
0,24,16,1,2,8,1,0,0,1,0,0
0,24,24,1,2,2,1,0,0,1,0,0
0,5,33,1,1,1,1,0,1,1,0,0
0,4,34,1,1,1,1,0,1,1,0,0
0,6,35,1,1,1,1,0,1,1,0,0
0,6,33,1,1,1,1,0,1,1,0,0
0,3,33,1,1,1,1,0,1,1,0,0
0,5,32,1,1,1,1,0,1,1,0,0
0,6,34,1,1,1,1,0,1,1,0,0
0,2,32,1,1,1,1,0,1,1,0,0
0,7,36,1,1,1,1,0,1,1,0,0
0,8,35,1,1,1,1,0,1,1,0,0
0,3,31,1,1,1,1,0,1,1,0,0
0,4,32,1,1,1,1,0,1,1,0,0
0,6,32,1,1,1,1,0,1,1,0,0
0,8,33,1,1,1,1,0,1,1,0,0
0,3,35,1,1,1,1,0,1,1,0,0
0,7,33,1,1,1,1,0,1,1,0,0
0,6,36,1,1,1,1,0,1,1,0,0
0,2,33,1,1,1,1,0,1,1,0,0
0,4,30,1,1,1,1,0,1,1,0,0
0,9,35,1,1,1,1,0,1,1,0,0
0,4,29,1,1,1,1,0,1,1,0,0
0,9,34,1,1,1,1,0,1,1,0,0
0,4,28,1,1,1,1,0,1,1,0,0
0,5,29,1,1,1,1,0,1,1,0,0
0,8,37,1,1,1,1,0,1,1,0,0
0,9,32,1,1,1,1,0,1,1,0,0
0,10,32,1,1,1,1,0,1,1,0,0
0,2,29,1,1,1,1,0,1,1,0,0
0,3,27,1,1,1,1,0,1,1,0,0
0,10,30,1,1,1,1,0,1,1,0,0
0,3,28,1,1,1,1,0,1,1,0,0
0,6,37,1,1,1,1,0,1,1,0,0
0,11,31,1,1,1,1,0,1,1,0,0
0,6,27,1,1,1,1,0,1,1,0,0
0,8,28,1,1,1,1,0,1,1,0,0
0,8,29,1,1,1,1,0,1,1,0,0
0,9,26,1,1,1,1,0,1,1,0,0
0,12,30,1,1,1,1,0,1,1,0,0
0,8,25,1,1,1,1,0,1,1,0,0
0,1,29,1,1,1,1,0,1,1,0,0
0,8,30,1,1,1,1,0,1,1,0,0
0,11,27,1,1,1,1,0,1,1,0,0
0,12,29,1,1,1,1,0,1,1,0,0
0,5,25,1,1,1,1,0,1,1,0,0
0,5,24,1,1,1,1,0,1,1,0,0
0,12,26,1,1,1,1,0,1,1,0,0
0,13,28,1,1,1,1,0,1,1,0,0
0,11,26,1,1,1,1,0,1,1,0,0
0,7,23,1,1,1,1,0,1,1,0,0
0,6,23,1,1,1,1,0,1,1,0,0
0,7,32,1,1,1,1,0,1,1,0,0
0,26,12,1,1,1,1,0,1,1,0,0
0,23,7,1,1,1,1,0,1,1,0,0
0,19,5,1,1,1,1,0,1,1,0,0
0,22,5,1,1,1,1,0,1,1,0,0
0,27,11,1,1,1,1,0,1,1,0,0
0,20,5,1,1,1,1,0,1,1,0,0
0,24,6,1,1,1,1,0,1,1,0,0
0,26,9,1,1,1,1,0,1,1,0,0
0,26,10,1,1,1,1,0,1,1,0,0
0,26,8,1,1,1,1,0,1,1,0,0
0,19,3,1,1,1,1,0,1,1,0,0
0,21,3,1,1,1,1,0,1,1,0,0
0,22,3,1,1,1,1,0,1,1,0,0
0,24,5,1,1,1,1,0,1,1,0,0
0,27,7,1,1,1,1,0,1,1,0,0
0,28,9,1,1,1,1,0,1,1,0,0
0,29,8,1,1,1,1,0,1,1,0,0
0,8,8,2,2,8,1,0,0,1,0,0
0,8,16,2,2,8,1,0,0,1,0,0
0,8,24,2,1,1,1,0,0,1,0,0
0,9,24,2,1,2,1,0,0,1,0,0
0,10,8,2,2,8,1,0,0,1,0,0
0,10,16,2,2,8,1,0,0,1,0,0
0,10,24,2,2,2,1,0,0,1,0,0
0,11,6,2,8,2,1,0,0,1,0,0
0,12,8,2,2,8,1,0,0,1,0,0
0,12,16,2,2,8,1,0,0,1,0,0
0,12,24,2,4,2,1,0,0,1,0,0
0,14,8,2,2,8,1,0,0,1,0,0
0,14,16,2,2,8,1,0,0,1,0,0
0,16,8,2,2,8,1,0,0,1,0,0
0,16,16,2,2,8,1,0,0,1,0,0
0,16,24,2,8,2,1,0,0,1,0,0
0,18,8,2,2,8,1,0,0,1,0,0
0,18,16,2,2,8,1,0,0,1,0,0
0,19,6,2,4,2,1,0,0,1,0,0
0,20,8,2,2,8,1,0,0,1,0,0
0,20,16,2,2,8,1,0,0,1,0,0
0,22,8,2,2,8,1,0,0,1,0,0
0,22,16,2,2,8,1,0,0,1,0,0
0,24,8,2,2,8,1,0,0,1,0,0
0,24,16,2,2,8,1,0,0,1,0,0
0,24,24,2,2,2,1,0,0,1,0,0
0,5,33,2,1,1,1,0,1,1,0,0
0,4,34,2,1,1,1,0,1,1,0,0
0,6,35,2,1,1,1,0,1,1,0,0
0,6,33,2,1,1,1,0,1,1,0,0
0,3,33,2,1,1,1,0,1,1,0,0
0,5,32,2,1,1,1,0,1,1,0,0
0,6,34,2,1,1,1,0,1,1,0,0
0,2,32,2,1,1,1,0,1,1,0,0
0,7,36,2,1,1,1,0,1,1,0,0
0,8,35,2,1,1,1,0,1,1,0,0
0,3,31,2,1,1,1,0,1,1,0,0
0,4,32,2,1,1,1,0,1,1,0,0
0,6,32,2,1,1,1,0,1,1,0,0
0,8,33,2,1,1,1,0,1,1,0,0
0,3,35,2,1,1,1,0,1,1,0,0
0,7,33,2,1,1,1,0,1,1,0,0
0,6,36,2,1,1,1,0,1,1,0,0
0,2,33,2,1,1,1,0,1,1,0,0
0,4,30,2,1,1,1,0,1,1,0,0
0,9,35,2,1,1,1,0,1,1,0,0
0,4,29,2,1,1,1,0,1,1,0,0
0,9,34,2,1,1,1,0,1,1,0,0
0,4,28,2,1,1,1,0,1,1,0,0
0,5,29,2,1,1,1,0,1,1,0,0
0,8,37,2,1,1,1,0,1,1,0,0
0,9,32,2,1,1,1,0,1,1,0,0
0,10,32,2,1,1,1,0,1,1,0,0
0,2,29,2,1,1,1,0,1,1,0,0
0,3,27,2,1,1,1,0,1,1,0,0
0,10,30,2,1,1,1,0,1,1,0,0
0,3,28,2,1,1,1,0,1,1,0,0
0,6,37,2,1,1,1,0,1,1,0,0
0,11,31,2,1,1,1,0,1,1,0,0
0,6,27,2,1,1,1,0,1,1,0,0
0,8,28,2,1,1,1,0,1,1,0,0
0,8,29,2,1,1,1,0,1,1,0,0
0,9,26,2,1,1,1,0,1,1,0,0
0,12,30,2,1,1,1,0,1,1,0,0
0,8,25,2,1,1,1,0,1,1,0,0
0,1,29,2,1,1,1,0,1,1,0,0
0,8,30,2,1,1,1,0,1,1,0,0
0,11,27,2,1,1,1,0,1,1,0,0
0,12,29,2,1,1,1,0,1,1,0,0
0,5,25,2,1,1,1,0,1,1,0,0
0,5,24,2,1,1,1,0,1,1,0,0
0,12,26,2,1,1,1,0,1,1,0,0
0,13,28,2,1,1,1,0,1,1,0,0
0,11,26,2,1,1,1,0,1,1,0,0
0,7,23,2,1,1,1,0,1,1,0,0
0,6,23,2,1,1,1,0,1,1,0,0
0,7,32,2,1,1,1,0,1,1,0,0
0,26,12,2,1,1,1,0,1,1,0,0
0,23,7,2,1,1,1,0,1,1,0,0
0,19,5,2,1,1,1,0,1,1,0,0
0,22,5,2,1,1,1,0,1,1,0,0
0,27,11,2,1,1,1,0,1,1,0,0
0,20,5,2,1,1,1,0,1,1,0,0
0,24,6,2,1,1,1,0,1,1,0,0
0,26,9,2,1,1,1,0,1,1,0,0
0,26,10,2,1,1,1,0,1,1,0,0
0,26,8,2,1,1,1,0,1,1,0,0
0,19,3,2,1,1,1,0,1,1,0,0
0,21,3,2,1,1,1,0,1,1,0,0
0,22,3,2,1,1,1,0,1,1,0,0
0,24,5,2,1,1,1,0,1,1,0,0
0,27,7,2,1,1,1,0,1,1,0,0
0,28,9,2,1,1,1,0,1,1,0,0
0,29,8,2,1,1,1,0,1,1,0,0
0,8,10,3,8,2,1,0,0,1,0,0
0,8,12,3,8,2,1,0,0,1,0,0
0,8,14,3,8,2,1,0,0,1,0,0
0,8,16,3,8,2,1,0,0,1,0,0
0,8,18,3,8,2,1,0,0,1,0,0
0,8,20,3,8,2,1,0,0,1,0,0
0,11,6,3,8,2,1,0,0,1,0,0
0,11,8,3,8,2,1,0,0,1,0,0
0,11,22,3,2,1,1,0,0,1,0,0
0,13,22,3,8,2,1,0,0,1,0,0
0,15,24,3,1,1,1,0,0,1,0,0
0,16,10,3,4,2,1,0,0,1,0,0
0,16,12,3,8,2,1,0,0,1,0,0
0,16,14,3,8,2,1,0,0,1,0,0
0,16,16,3,8,2,1,0,0,1,0,0
0,16,18,3,8,2,1,0,0,1,0,0
0,16,20,3,8,2,1,0,0,1,0,0
0,16,24,3,4,1,1,0,0,1,0,0
0,19,6,3,4,2,1,0,0,1,0,0
0,19,8,3,4,2,1,0,0,1,0,0
0,20,10,3,2,2,1,0,0,1,0,0
0,21,22,3,2,1,1,0,0,1,0,0
0,21,23,3,1,1,1,0,0,1,0,0
0,22,10,3,1,1,1,0,0,1,0,0
0,22,11,3,2,1,1,0,0,1,0,0
0,24,12,3,1,4,1,0,0,1,0,0
0,24,16,3,2,2,1,0,0,1,0,0
0,24,18,3,1,3,1,0,0,1,0,0
0,25,15,3,1,1,1,0,0,1,0,0
0,5,33,3,1,1,1,0,1,1,0,0
0,4,34,3,1,1,1,0,1,1,0,0
0,6,35,3,1,1,1,0,1,1,0,0
0,6,33,3,1,1,1,0,1,1,0,0
0,20,24,3,1,1,1,0,1,1,0,0
0,22,23,3,1,1,1,0,1,1,0,0
0,3,33,3,1,1,1,0,1,1,0,0
0,5,32,3,1,1,1,0,1,1,0,0
0,6,34,3,1,1,1,0,1,1,0,0
0,10,22,3,1,1,1,0,1,1,0,0
0,15,25,3,1,1,1,0,1,1,0,0
0,24,11,3,1,1,1,0,1,1,0,0
0,25,20,3,1,1,1,0,1,1,0,0
0,2,32,3,1,1,1,0,1,1,0,0
0,13,24,3,1,1,1,0,1,1,0,0
0,24,22,3,1,1,1,0,1,1,0,0
0,7,36,3,1,1,1,0,1,1,0,0
0,8,35,3,1,1,1,0,1,1,0,0
0,3,31,3,1,1,1,0,1,1,0,0
0,4,32,3,1,1,1,0,1,1,0,0
0,6,32,3,1,1,1,0,1,1,0,0
0,8,33,3,1,1,1,0,1,1,0,0
0,3,35,3,1,1,1,0,1,1,0,0
0,7,33,3,1,1,1,0,1,1,0,0
0,6,36,3,1,1,1,0,1,1,0,0
0,2,33,3,1,1,1,0,1,1,0,0
0,4,30,3,1,1,1,0,1,1,0,0
0,9,35,3,1,1,1,0,1,1,0,0
0,4,29,3,1,1,1,0,1,1,0,0
0,9,34,3,1,1,1,0,1,1,0,0
0,4,28,3,1,1,1,0,1,1,0,0
0,5,29,3,1,1,1,0,1,1,0,0
0,8,37,3,1,1,1,0,1,1,0,0
0,9,32,3,1,1,1,0,1,1,0,0
0,10,32,3,1,1,1,0,1,1,0,0
0,2,29,3,1,1,1,0,1,1,0,0
0,3,27,3,1,1,1,0,1,1,0,0
0,10,30,3,1,1,1,0,1,1,0,0
0,3,28,3,1,1,1,0,1,1,0,0
0,6,37,3,1,1,1,0,1,1,0,0
0,11,31,3,1,1,1,0,1,1,0,0
0,6,27,3,1,1,1,0,1,1,0,0
0,8,28,3,1,1,1,0,1,1,0,0
0,8,29,3,1,1,1,0,1,1,0,0
0,9,26,3,1,1,1,0,1,1,0,0
0,12,30,3,1,1,1,0,1,1,0,0
0,8,25,3,1,1,1,0,1,1,0,0
0,1,29,3,1,1,1,0,1,1,0,0
0,8,30,3,1,1,1,0,1,1,0,0
0,10,25,3,1,1,1,0,1,1,0,0
0,11,27,3,1,1,1,0,1,1,0,0
0,12,29,3,1,1,1,0,1,1,0,0
0,5,25,3,1,1,1,0,1,1,0,0
0,5,24,3,1,1,1,0,1,1,0,0
0,8,23,3,1,1,1,0,1,1,0,0
0,12,26,3,1,1,1,0,1,1,0,0
0,13,28,3,1,1,1,0,1,1,0,0
0,11,26,3,1,1,1,0,1,1,0,0
0,7,23,3,1,1,1,0,1,1,0,0
0,10,23,3,1,1,1,0,1,1,0,0
0,13,25,3,1,1,1,0,1,1,0,0
0,6,23,3,1,1,1,0,1,1,0,0
0,7,32,3,1,1,1,0,1,1,0,0
0,9,23,3,1,1,1,0,1,1,0,0
0,12,23,3,1,1,1,0,1,1,0,0
0,24,9,3,1,1,1,0,1,1,0,0
0,26,12,3,1,1,1,0,1,1,0,0
0,23,7,3,1,1,1,0,1,1,0,0
0,19,5,3,1,1,1,0,1,1,0,0
0,22,5,3,1,1,1,0,1,1,0,0
0,27,11,3,1,1,1,0,1,1,0,0
0,20,5,3,1,1,1,0,1,1,0,0
0,24,6,3,1,1,1,0,1,1,0,0
0,26,9,3,1,1,1,0,1,1,0,0
0,26,10,3,1,1,1,0,1,1,0,0
0,26,8,3,1,1,1,0,1,1,0,0
0,19,3,3,1,1,1,0,1,1,0,0
0,21,3,3,1,1,1,0,1,1,0,0
0,22,3,3,1,1,1,0,1,1,0,0
0,24,5,3,1,1,1,0,1,1,0,0
0,27,7,3,1,1,1,0,1,1,0,0
0,28,9,3,1,1,1,0,1,1,0,0
0,29,8,3,1,1,1,0,1,1,0,0
0,8,10,4,2,8,1,0,0,1,0,0
0,8,18,4,2,4,1,0,0,1,0,0
0,10,10,4,2,8,1,0,0,1,0,0
0,10,18,4,2,4,1,0,0,1,0,0
0,11,6,4,8,2,1,0,0,1,0,0
0,11,8,4,1,2,1,0,0,1,0,0
0,11,22,4,3,1,1,0,0,1,0,0
0,12,8,4,2,8,1,0,0,1,0,0
0,12,16,4,2,4,1,0,0,1,0,0
0,12,20,4,2,2,1,0,0,1,0,0
0,13,23,4,1,1,1,0,0,1,0,0
0,14,8,4,2,8,1,0,0,1,0,0
0,14,16,4,2,8,1,0,0,1,0,0
0,15,24,4,1,1,1,0,0,1,0,0
0,16,8,4,2,8,1,0,0,1,0,0
0,16,16,4,2,8,1,0,0,1,0,0
0,16,24,4,4,1,1,0,0,1,0,0
0,18,8,4,2,8,1,0,0,1,0,0
0,18,16,4,2,8,1,0,0,1,0,0
0,19,6,4,4,2,1,0,0,1,0,0
0,20,8,4,2,8,1,0,0,1,0,0
0,20,16,4,2,8,1,0,0,1,0,0
0,22,8,4,1,3,1,0,0,1,0,0
0,22,11,4,2,8,1,0,0,1,0,0
0,22,19,4,2,1,1,0,0,1,0,0
0,22,20,4,2,2,1,0,0,1,0,0
0,22,22,4,1,1,1,0,0,1,0,0
0,24,12,4,1,4,1,0,0,1,0,0
0,24,16,4,2,2,1,0,0,1,0,0
0,24,18,4,1,3,1,0,0,1,0,0
0,25,15,4,1,1,1,0,0,1,0,0
0,5,33,4,1,1,1,0,1,1,0,0
0,4,34,4,1,1,1,0,1,1,0,0
0,6,35,4,1,1,1,0,1,1,0,0
0,6,33,4,1,1,1,0,1,1,0,0
0,20,24,4,1,1,1,0,1,1,0,0
0,22,23,4,1,1,1,0,1,1,0,0
0,3,33,4,1,1,1,0,1,1,0,0
0,5,32,4,1,1,1,0,1,1,0,0
0,6,34,4,1,1,1,0,1,1,0,0
0,10,22,4,1,1,1,0,1,1,0,0
0,15,25,4,1,1,1,0,1,1,0,0
0,24,11,4,1,1,1,0,1,1,0,0
0,25,20,4,1,1,1,0,1,1,0,0
0,2,32,4,1,1,1,0,1,1,0,0
0,13,24,4,1,1,1,0,1,1,0,0
0,24,22,4,1,1,1,0,1,1,0,0
0,7,36,4,1,1,1,0,1,1,0,0
0,8,35,4,1,1,1,0,1,1,0,0
0,3,31,4,1,1,1,0,1,1,0,0
0,4,32,4,1,1,1,0,1,1,0,0
0,6,32,4,1,1,1,0,1,1,0,0
0,8,33,4,1,1,1,0,1,1,0,0
0,3,35,4,1,1,1,0,1,1,0,0
0,7,33,4,1,1,1,0,1,1,0,0
0,6,36,4,1,1,1,0,1,1,0,0
0,2,33,4,1,1,1,0,1,1,0,0
0,4,30,4,1,1,1,0,1,1,0,0
0,9,35,4,1,1,1,0,1,1,0,0
0,4,29,4,1,1,1,0,1,1,0,0
0,9,34,4,1,1,1,0,1,1,0,0
0,4,28,4,1,1,1,0,1,1,0,0
0,5,29,4,1,1,1,0,1,1,0,0
0,8,37,4,1,1,1,0,1,1,0,0
0,9,32,4,1,1,1,0,1,1,0,0
0,10,32,4,1,1,1,0,1,1,0,0
0,2,29,4,1,1,1,0,1,1,0,0
0,3,27,4,1,1,1,0,1,1,0,0
0,10,30,4,1,1,1,0,1,1,0,0
0,3,28,4,1,1,1,0,1,1,0,0
0,6,37,4,1,1,1,0,1,1,0,0
0,11,31,4,1,1,1,0,1,1,0,0
0,6,27,4,1,1,1,0,1,1,0,0
0,8,28,4,1,1,1,0,1,1,0,0
0,8,29,4,1,1,1,0,1,1,0,0
0,9,26,4,1,1,1,0,1,1,0,0
0,12,30,4,1,1,1,0,1,1,0,0
0,8,25,4,1,1,1,0,1,1,0,0
0,1,29,4,1,1,1,0,1,1,0,0
0,8,30,4,1,1,1,0,1,1,0,0
0,10,25,4,1,1,1,0,1,1,0,0
0,11,27,4,1,1,1,0,1,1,0,0
0,12,29,4,1,1,1,0,1,1,0,0
0,5,25,4,1,1,1,0,1,1,0,0
0,5,24,4,1,1,1,0,1,1,0,0
0,8,23,4,1,1,1,0,1,1,0,0
0,12,26,4,1,1,1,0,1,1,0,0
0,13,28,4,1,1,1,0,1,1,0,0
0,11,26,4,1,1,1,0,1,1,0,0
0,7,23,4,1,1,1,0,1,1,0,0
0,10,23,4,1,1,1,0,1,1,0,0
0,13,25,4,1,1,1,0,1,1,0,0
0,6,23,4,1,1,1,0,1,1,0,0
0,7,32,4,1,1,1,0,1,1,0,0
0,9,23,4,1,1,1,0,1,1,0,0
0,12,23,4,1,1,1,0,1,1,0,0
0,24,9,4,1,1,1,0,1,1,0,0
0,26,12,4,1,1,1,0,1,1,0,0
0,23,7,4,1,1,1,0,1,1,0,0
0,19,5,4,1,1,1,0,1,1,0,0
0,22,5,4,1,1,1,0,1,1,0,0
0,27,11,4,1,1,1,0,1,1,0,0
0,20,5,4,1,1,1,0,1,1,0,0
0,24,6,4,1,1,1,0,1,1,0,0
0,26,9,4,1,1,1,0,1,1,0,0
0,26,10,4,1,1,1,0,1,1,0,0
0,26,8,4,1,1,1,0,1,1,0,0
0,19,3,4,1,1,1,0,1,1,0,0
0,21,3,4,1,1,1,0,1,1,0,0
0,22,3,4,1,1,1,0,1,1,0,0
0,24,5,4,1,1,1,0,1,1,0,0
0,27,7,4,1,1,1,0,1,1,0,0
0,28,9,4,1,1,1,0,1,1,0,0
0,29,8,4,1,1,1,0,1,1,0,0
0,8,10,5,8,2,1,0,0,1,0,0
0,8,12,5,8,2,1,0,0,1,0,0
0,8,14,5,8,2,1,0,0,1,0,0
0,8,16,5,8,2,1,0,0,1,0,0
0,8,18,5,8,2,1,0,0,1,0,0
0,8,20,5,8,2,1,0,0,1,0,0
0,11,6,5,8,2,1,0,0,1,0,0
0,11,8,5,8,2,1,0,0,1,0,0
0,11,22,5,1,1,1,0,0,1,0,0
0,15,24,5,1,1,1,0,0,1,0,0
0,16,10,5,4,2,1,0,0,1,0,0
0,16,12,5,8,2,1,0,0,1,0,0
0,16,14,5,8,2,1,0,0,1,0,0
0,16,16,5,8,2,1,0,0,1,0,0
0,16,18,5,8,2,1,0,0,1,0,0
0,16,20,5,8,2,1,0,0,1,0,0
0,16,24,5,4,1,1,0,0,1,0,0
0,19,6,5,4,2,1,0,0,1,0,0
0,19,8,5,4,2,1,0,0,1,0,0
0,20,10,5,2,2,1,0,0,1,0,0
0,20,22,5,2,2,1,0,0,1,0,0
0,22,10,5,1,1,1,0,0,1,0,0
0,22,11,5,2,1,1,0,0,1,0,0
0,22,22,5,1,1,1,0,0,1,0,0
0,24,12,5,1,4,1,0,0,1,0,0
0,24,16,5,2,2,1,0,0,1,0,0
0,24,18,5,1,3,1,0,0,1,0,0
0,25,15,5,1,1,1,0,0,1,0,0
0,12,22,5,8,2,1,0,0,1,0,0
0,5,33,5,1,1,1,0,1,1,0,0
0,4,34,5,1,1,1,0,1,1,0,0
0,6,35,5,1,1,1,0,1,1,0,0
0,6,33,5,1,1,1,0,1,1,0,0
0,20,24,5,1,1,1,0,1,1,0,0
0,22,23,5,1,1,1,0,1,1,0,0
0,3,33,5,1,1,1,0,1,1,0,0
0,5,32,5,1,1,1,0,1,1,0,0
0,6,34,5,1,1,1,0,1,1,0,0
0,10,22,5,1,1,1,0,1,1,0,0
0,15,25,5,1,1,1,0,1,1,0,0
0,24,11,5,1,1,1,0,1,1,0,0
0,25,20,5,1,1,1,0,1,1,0,0
0,2,32,5,1,1,1,0,1,1,0,0
0,13,24,5,1,1,1,0,1,1,0,0
0,24,22,5,1,1,1,0,1,1,0,0
0,7,36,5,1,1,1,0,1,1,0,0
0,8,35,5,1,1,1,0,1,1,0,0
0,3,31,5,1,1,1,0,1,1,0,0
0,4,32,5,1,1,1,0,1,1,0,0
0,6,32,5,1,1,1,0,1,1,0,0
0,8,33,5,1,1,1,0,1,1,0,0
0,3,35,5,1,1,1,0,1,1,0,0
0,7,33,5,1,1,1,0,1,1,0,0
0,6,36,5,1,1,1,0,1,1,0,0
0,2,33,5,1,1,1,0,1,1,0,0
0,4,30,5,1,1,1,0,1,1,0,0
0,9,35,5,1,1,1,0,1,1,0,0
0,4,29,5,1,1,1,0,1,1,0,0
0,9,34,5,1,1,1,0,1,1,0,0
0,4,28,5,1,1,1,0,1,1,0,0
0,5,29,5,1,1,1,0,1,1,0,0
0,8,37,5,1,1,1,0,1,1,0,0
0,9,32,5,1,1,1,0,1,1,0,0
0,10,32,5,1,1,1,0,1,1,0,0
0,2,29,5,1,1,1,0,1,1,0,0
0,3,27,5,1,1,1,0,1,1,0,0
0,10,30,5,1,1,1,0,1,1,0,0
0,3,28,5,1,1,1,0,1,1,0,0
0,6,37,5,1,1,1,0,1,1,0,0
0,11,31,5,1,1,1,0,1,1,0,0
0,6,27,5,1,1,1,0,1,1,0,0
0,8,28,5,1,1,1,0,1,1,0,0
0,8,29,5,1,1,1,0,1,1,0,0
0,9,26,5,1,1,1,0,1,1,0,0
0,12,30,5,1,1,1,0,1,1,0,0
0,8,25,5,1,1,1,0,1,1,0,0
0,1,29,5,1,1,1,0,1,1,0,0
0,8,30,5,1,1,1,0,1,1,0,0
0,10,25,5,1,1,1,0,1,1,0,0
0,11,27,5,1,1,1,0,1,1,0,0
0,12,29,5,1,1,1,0,1,1,0,0
0,5,25,5,1,1,1,0,1,1,0,0
0,5,24,5,1,1,1,0,1,1,0,0
0,8,23,5,1,1,1,0,1,1,0,0
0,12,26,5,1,1,1,0,1,1,0,0
0,13,28,5,1,1,1,0,1,1,0,0
0,11,26,5,1,1,1,0,1,1,0,0
0,7,23,5,1,1,1,0,1,1,0,0
0,10,23,5,1,1,1,0,1,1,0,0
0,13,25,5,1,1,1,0,1,1,0,0
0,6,23,5,1,1,1,0,1,1,0,0
0,7,32,5,1,1,1,0,1,1,0,0
0,9,23,5,1,1,1,0,1,1,0,0
0,24,9,5,1,1,1,0,1,1,0,0
0,26,12,5,1,1,1,0,1,1,0,0
0,23,7,5,1,1,1,0,1,1,0,0
0,19,5,5,1,1,1,0,1,1,0,0
0,22,5,5,1,1,1,0,1,1,0,0
0,27,11,5,1,1,1,0,1,1,0,0
0,20,5,5,1,1,1,0,1,1,0,0
0,24,6,5,1,1,1,0,1,1,0,0
0,26,9,5,1,1,1,0,1,1,0,0
0,26,10,5,1,1,1,0,1,1,0,0
0,26,8,5,1,1,1,0,1,1,0,0
0,19,3,5,1,1,1,0,1,1,0,0
0,21,3,5,1,1,1,0,1,1,0,0
0,22,3,5,1,1,1,0,1,1,0,0
0,24,5,5,1,1,1,0,1,1,0,0
0,27,7,5,1,1,1,0,1,1,0,0
0,28,9,5,1,1,1,0,1,1,0,0
0,29,8,5,1,1,1,0,1,1,0,0
0,8,10,6,2,8,1,0,0,1,0,0
0,8,18,6,2,4,1,0,0,1,0,0
0,10,10,6,2,8,1,0,0,1,0,0
0,10,18,6,2,4,1,0,0,1,0,0
0,11,6,6,8,2,1,0,0,1,0,0
0,11,8,6,1,2,1,0,0,1,0,0
0,11,22,6,1,1,1,0,0,1,0,0
0,12,8,6,2,8,1,0,0,1,0,0
0,12,16,6,2,8,1,0,0,1,0,0
0,14,8,6,2,8,1,0,0,1,0,0
0,14,16,6,2,8,1,0,0,1,0,0
0,15,24,6,1,1,1,0,0,1,0,0
0,16,8,6,2,8,1,0,0,1,0,0
0,16,16,6,2,8,1,0,0,1,0,0
0,16,24,6,4,1,1,0,0,1,0,0
0,18,8,6,2,8,1,0,0,1,0,0
0,18,16,6,2,8,1,0,0,1,0,0
0,19,6,6,4,2,1,0,0,1,0,0
0,20,8,6,2,8,1,0,0,1,0,0
0,20,16,6,2,8,1,0,0,1,0,0
0,22,8,6,1,3,1,0,0,1,0,0
0,22,11,6,2,8,1,0,0,1,0,0
0,22,19,6,2,1,1,0,0,1,0,0
0,22,20,6,2,2,1,0,0,1,0,0
0,22,22,6,1,1,1,0,0,1,0,0
0,24,12,6,1,4,1,0,0,1,0,0
0,24,16,6,2,2,1,0,0,1,0,0
0,24,18,6,1,3,1,0,0,1,0,0
0,25,15,6,1,1,1,0,0,1,0,0
0,5,33,6,1,1,1,0,1,1,0,0
0,4,34,6,1,1,1,0,1,1,0,0
0,6,35,6,1,1,1,0,1,1,0,0
0,6,33,6,1,1,1,0,1,1,0,0
0,20,24,6,1,1,1,0,1,1,0,0
0,22,23,6,1,1,1,0,1,1,0,0
0,3,33,6,1,1,1,0,1,1,0,0
0,5,32,6,1,1,1,0,1,1,0,0
0,6,34,6,1,1,1,0,1,1,0,0
0,10,22,6,1,1,1,0,1,1,0,0
0,15,25,6,1,1,1,0,1,1,0,0
0,24,11,6,1,1,1,0,1,1,0,0
0,25,20,6,1,1,1,0,1,1,0,0
0,2,32,6,1,1,1,0,1,1,0,0
0,13,24,6,1,1,1,0,1,1,0,0
0,24,22,6,1,1,1,0,1,1,0,0
0,7,36,6,1,1,1,0,1,1,0,0
0,8,35,6,1,1,1,0,1,1,0,0
0,3,31,6,1,1,1,0,1,1,0,0
0,4,32,6,1,1,1,0,1,1,0,0
0,6,32,6,1,1,1,0,1,1,0,0
0,8,33,6,1,1,1,0,1,1,0,0
0,3,35,6,1,1,1,0,1,1,0,0
0,7,33,6,1,1,1,0,1,1,0,0
0,6,36,6,1,1,1,0,1,1,0,0
0,2,33,6,1,1,1,0,1,1,0,0
0,4,30,6,1,1,1,0,1,1,0,0
0,9,35,6,1,1,1,0,1,1,0,0
0,4,29,6,1,1,1,0,1,1,0,0
0,9,34,6,1,1,1,0,1,1,0,0
0,4,28,6,1,1,1,0,1,1,0,0
0,5,29,6,1,1,1,0,1,1,0,0
0,8,37,6,1,1,1,0,1,1,0,0
0,9,32,6,1,1,1,0,1,1,0,0
0,10,32,6,1,1,1,0,1,1,0,0
0,2,29,6,1,1,1,0,1,1,0,0
0,3,27,6,1,1,1,0,1,1,0,0
0,10,30,6,1,1,1,0,1,1,0,0
0,3,28,6,1,1,1,0,1,1,0,0
0,6,37,6,1,1,1,0,1,1,0,0
0,11,31,6,1,1,1,0,1,1,0,0
0,6,27,6,1,1,1,0,1,1,0,0
0,8,28,6,1,1,1,0,1,1,0,0
0,8,29,6,1,1,1,0,1,1,0,0
0,9,26,6,1,1,1,0,1,1,0,0
0,12,30,6,1,1,1,0,1,1,0,0
0,8,25,6,1,1,1,0,1,1,0,0
0,1,29,6,1,1,1,0,1,1,0,0
0,8,30,6,1,1,1,0,1,1,0,0
0,10,25,6,1,1,1,0,1,1,0,0
0,11,27,6,1,1,1,0,1,1,0,0
0,12,29,6,1,1,1,0,1,1,0,0
0,5,25,6,1,1,1,0,1,1,0,0
0,5,24,6,1,1,1,0,1,1,0,0
0,8,23,6,1,1,1,0,1,1,0,0
0,12,26,6,1,1,1,0,1,1,0,0
0,13,28,6,1,1,1,0,1,1,0,0
0,11,26,6,1,1,1,0,1,1,0,0
0,7,23,6,1,1,1,0,1,1,0,0
0,10,23,6,1,1,1,0,1,1,0,0
0,13,25,6,1,1,1,0,1,1,0,0
0,6,23,6,1,1,1,0,1,1,0,0
0,7,32,6,1,1,1,0,1,1,0,0
0,9,23,6,1,1,1,0,1,1,0,0
0,24,9,6,1,1,1,0,1,1,0,0
0,26,12,6,1,1,1,0,1,1,0,0
0,23,7,6,1,1,1,0,1,1,0,0
0,19,5,6,1,1,1,0,1,1,0,0
0,22,5,6,1,1,1,0,1,1,0,0
0,27,11,6,1,1,1,0,1,1,0,0
0,20,5,6,1,1,1,0,1,1,0,0
0,24,6,6,1,1,1,0,1,1,0,0
0,26,9,6,1,1,1,0,1,1,0,0
0,26,10,6,1,1,1,0,1,1,0,0
0,26,8,6,1,1,1,0,1,1,0,0
0,19,3,6,1,1,1,0,1,1,0,0
0,21,3,6,1,1,1,0,1,1,0,0
0,22,3,6,1,1,1,0,1,1,0,0
0,24,5,6,1,1,1,0,1,1,0,0
0,27,7,6,1,1,1,0,1,1,0,0
0,28,9,6,1,1,1,0,1,1,0,0
0,29,8,6,1,1,1,0,1,1,0,0
0,8,10,7,8,2,1,0,0,1,0,0
0,8,12,7,8,2,1,0,0,1,0,0
0,8,14,7,8,2,1,0,0,1,0,0
0,8,16,7,8,2,1,0,0,1,0,0
0,8,18,7,8,2,1,0,0,1,0,0
0,8,20,7,8,2,1,0,0,1,0,0
0,11,6,7,8,2,1,0,0,1,0,0
0,11,8,7,8,2,1,0,0,1,0,0
0,11,22,7,1,1,1,0,0,1,0,0
0,12,22,7,8,2,1,0,0,1,0,0
0,15,24,7,1,1,1,0,0,1,0,0
0,16,10,7,4,2,1,0,0,1,0,0
0,16,12,7,8,2,1,0,0,1,0,0
0,16,14,7,8,2,1,0,0,1,0,0
0,16,16,7,8,2,1,0,0,1,0,0
0,16,18,7,8,2,1,0,0,1,0,0
0,16,20,7,8,2,1,0,0,1,0,0
0,16,24,7,4,1,1,0,0,1,0,0
0,19,6,7,4,2,1,0,0,1,0,0
0,19,8,7,4,2,1,0,0,1,0,0
0,20,10,7,2,2,1,0,0,1,0,0
0,20,22,7,2,2,1,0,0,1,0,0
0,22,10,7,1,1,1,0,0,1,0,0
0,22,11,7,2,1,1,0,0,1,0,0
0,22,22,7,1,1,1,0,0,1,0,0
0,24,12,7,1,4,1,0,0,1,0,0
0,24,16,7,2,2,1,0,0,1,0,0
0,24,18,7,1,3,1,0,0,1,0,0
0,25,15,7,1,1,1,0,0,1,0,0
0,5,33,7,1,1,1,0,1,1,0,0
0,4,34,7,1,1,1,0,1,1,0,0
0,6,35,7,1,1,1,0,1,1,0,0
0,6,33,7,1,1,1,0,1,1,0,0
0,20,24,7,1,1,1,0,1,1,0,0
0,22,23,7,1,1,1,0,1,1,0,0
0,3,33,7,1,1,1,0,1,1,0,0
0,5,32,7,1,1,1,0,1,1,0,0
0,6,34,7,1,1,1,0,1,1,0,0
0,10,22,7,1,1,1,0,1,1,0,0
0,15,25,7,1,1,1,0,1,1,0,0
0,24,11,7,1,1,1,0,1,1,0,0
0,25,20,7,1,1,1,0,1,1,0,0
0,2,32,7,1,1,1,0,1,1,0,0
0,13,24,7,1,1,1,0,1,1,0,0
0,24,22,7,1,1,1,0,1,1,0,0
0,7,36,7,1,1,1,0,1,1,0,0
0,8,35,7,1,1,1,0,1,1,0,0
0,3,31,7,1,1,1,0,1,1,0,0
0,4,32,7,1,1,1,0,1,1,0,0
0,6,32,7,1,1,1,0,1,1,0,0
0,8,33,7,1,1,1,0,1,1,0,0
0,3,35,7,1,1,1,0,1,1,0,0
0,7,33,7,1,1,1,0,1,1,0,0
0,6,36,7,1,1,1,0,1,1,0,0
0,2,33,7,1,1,1,0,1,1,0,0
0,4,30,7,1,1,1,0,1,1,0,0
0,9,35,7,1,1,1,0,1,1,0,0
0,4,29,7,1,1,1,0,1,1,0,0
0,9,34,7,1,1,1,0,1,1,0,0
0,4,28,7,1,1,1,0,1,1,0,0
0,5,29,7,1,1,1,0,1,1,0,0
0,8,37,7,1,1,1,0,1,1,0,0
0,9,32,7,1,1,1,0,1,1,0,0
0,10,32,7,1,1,1,0,1,1,0,0
0,2,29,7,1,1,1,0,1,1,0,0
0,3,27,7,1,1,1,0,1,1,0,0
0,10,30,7,1,1,1,0,1,1,0,0
0,3,28,7,1,1,1,0,1,1,0,0
0,6,37,7,1,1,1,0,1,1,0,0
0,11,31,7,1,1,1,0,1,1,0,0
0,6,27,7,1,1,1,0,1,1,0,0
0,8,28,7,1,1,1,0,1,1,0,0
0,8,29,7,1,1,1,0,1,1,0,0
0,9,26,7,1,1,1,0,1,1,0,0
0,12,30,7,1,1,1,0,1,1,0,0
0,8,25,7,1,1,1,0,1,1,0,0
0,1,29,7,1,1,1,0,1,1,0,0
0,8,30,7,1,1,1,0,1,1,0,0
0,10,25,7,1,1,1,0,1,1,0,0
0,11,27,7,1,1,1,0,1,1,0,0
0,12,29,7,1,1,1,0,1,1,0,0
0,5,25,7,1,1,1,0,1,1,0,0
0,5,24,7,1,1,1,0,1,1,0,0
0,8,23,7,1,1,1,0,1,1,0,0
0,12,26,7,1,1,1,0,1,1,0,0
0,13,28,7,1,1,1,0,1,1,0,0
0,11,26,7,1,1,1,0,1,1,0,0
0,7,23,7,1,1,1,0,1,1,0,0
0,10,23,7,1,1,1,0,1,1,0,0
0,13,25,7,1,1,1,0,1,1,0,0
0,6,23,7,1,1,1,0,1,1,0,0
0,7,32,7,1,1,1,0,1,1,0,0
0,9,23,7,1,1,1,0,1,1,0,0
0,24,9,7,1,1,1,0,1,1,0,0
0,26,12,7,1,1,1,0,1,1,0,0
0,23,7,7,1,1,1,0,1,1,0,0
0,19,5,7,1,1,1,0,1,1,0,0
0,22,5,7,1,1,1,0,1,1,0,0
0,27,11,7,1,1,1,0,1,1,0,0
0,20,5,7,1,1,1,0,1,1,0,0
0,24,6,7,1,1,1,0,1,1,0,0
0,26,9,7,1,1,1,0,1,1,0,0
0,26,10,7,1,1,1,0,1,1,0,0
0,26,8,7,1,1,1,0,1,1,0,0
0,19,3,7,1,1,1,0,1,1,0,0
0,21,3,7,1,1,1,0,1,1,0,0
0,22,3,7,1,1,1,0,1,1,0,0
0,24,5,7,1,1,1,0,1,1,0,0
0,27,7,7,1,1,1,0,1,1,0,0
0,28,9,7,1,1,1,0,1,1,0,0
0,29,8,7,1,1,1,0,1,1,0,0
0,9,14,8,1,2,1,0,0,1,0,0
0,9,16,8,1,4,1,0,0,1,0,0
0,10,12,8,2,8,1,0,0,1,0,0
0,10,20,8,2,2,1,0,0,1,0,0
0,11,11,8,1,1,1,0,0,1,0,0
0,11,22,8,1,1,1,0,0,1,0,0
0,12,10,8,4,2,1,0,0,1,0,0
0,12,12,8,2,4,1,0,0,1,0,0
0,12,16,8,2,8,1,0,0,1,0,0
0,13,9,8,3,1,1,0,0,1,0,0
0,14,12,8,2,4,1,0,0,1,0,0
0,14,16,8,2,8,1,0,0,1,0,0
0,15,8,8,1,1,1,0,0,1,0,0
0,15,24,8,1,1,1,0,0,1,0,0
0,16,8,8,2,8,1,0,0,1,0,0
0,16,16,8,2,8,1,0,0,1,0,0
0,16,24,8,4,1,1,0,0,1,0,0
0,18,8,8,1,1,1,0,0,1,0,0
0,18,9,8,4,2,1,0,0,1,0,0
0,18,11,8,4,1,1,0,0,1,0,0
0,18,12,8,2,4,1,0,0,1,0,0
0,18,16,8,2,8,1,0,0,1,0,0
0,20,12,8,2,4,1,0,0,1,0,0
0,20,16,8,2,8,1,0,0,1,0,0
0,22,10,8,1,1,1,0,0,1,0,0
0,22,11,8,2,8,1,0,0,1,0,0
0,22,19,8,2,1,1,0,0,1,0,0
0,22,20,8,2,2,1,0,0,1,0,0
0,22,22,8,1,1,1,0,0,1,0,0
0,24,12,8,1,4,1,0,0,1,0,0
0,24,16,8,2,2,1,0,0,1,0,0
0,24,18,8,1,3,1,0,0,1,0,0
0,25,15,8,1,1,1,0,0,1,0,0
0,5,33,8,1,1,1,0,1,1,0,0
0,4,34,8,1,1,1,0,1,1,0,0
0,6,35,8,1,1,1,0,1,1,0,0
0,6,33,8,1,1,1,0,1,1,0,0
0,11,10,8,1,1,1,0,1,1,0,0
0,20,24,8,1,1,1,0,1,1,0,0
0,22,23,8,1,1,1,0,1,1,0,0
0,3,33,8,1,1,1,0,1,1,0,0
0,5,32,8,1,1,1,0,1,1,0,0
0,6,34,8,1,1,1,0,1,1,0,0
0,8,17,8,1,1,1,0,1,1,0,0
0,8,18,8,1,1,1,0,1,1,0,0
0,9,21,8,1,1,1,0,1,1,0,0
0,10,22,8,1,1,1,0,1,1,0,0
0,13,8,8,1,1,1,0,1,1,0,0
0,15,25,8,1,1,1,0,1,1,0,0
0,22,9,8,1,1,1,0,1,1,0,0
0,24,11,8,1,1,1,0,1,1,0,0
0,25,20,8,1,1,1,0,1,1,0,0
0,2,32,8,1,1,1,0,1,1,0,0
0,8,15,8,1,1,1,0,1,1,0,0
0,13,24,8,1,1,1,0,1,1,0,0
0,24,22,8,1,1,1,0,1,1,0,0
0,7,36,8,1,1,1,0,1,1,0,0
0,8,35,8,1,1,1,0,1,1,0,0
0,3,31,8,1,1,1,0,1,1,0,0
0,4,32,8,1,1,1,0,1,1,0,0
0,6,32,8,1,1,1,0,1,1,0,0
0,8,33,8,1,1,1,0,1,1,0,0
0,3,35,8,1,1,1,0,1,1,0,0
0,7,33,8,1,1,1,0,1,1,0,0
0,6,36,8,1,1,1,0,1,1,0,0
0,2,33,8,1,1,1,0,1,1,0,0
0,4,30,8,1,1,1,0,1,1,0,0
0,9,35,8,1,1,1,0,1,1,0,0
0,4,29,8,1,1,1,0,1,1,0,0
0,9,34,8,1,1,1,0,1,1,0,0
0,4,28,8,1,1,1,0,1,1,0,0
0,5,29,8,1,1,1,0,1,1,0,0
0,8,37,8,1,1,1,0,1,1,0,0
0,9,32,8,1,1,1,0,1,1,0,0
0,10,32,8,1,1,1,0,1,1,0,0
0,2,29,8,1,1,1,0,1,1,0,0
0,3,27,8,1,1,1,0,1,1,0,0
0,10,30,8,1,1,1,0,1,1,0,0
0,3,28,8,1,1,1,0,1,1,0,0
0,6,37,8,1,1,1,0,1,1,0,0
0,11,31,8,1,1,1,0,1,1,0,0
0,6,27,8,1,1,1,0,1,1,0,0
0,8,28,8,1,1,1,0,1,1,0,0
0,8,29,8,1,1,1,0,1,1,0,0
0,9,26,8,1,1,1,0,1,1,0,0
0,12,30,8,1,1,1,0,1,1,0,0
0,8,25,8,1,1,1,0,1,1,0,0
0,1,29,8,1,1,1,0,1,1,0,0
0,8,30,8,1,1,1,0,1,1,0,0
0,10,25,8,1,1,1,0,1,1,0,0
0,11,27,8,1,1,1,0,1,1,0,0
0,12,29,8,1,1,1,0,1,1,0,0
0,5,25,8,1,1,1,0,1,1,0,0
0,5,24,8,1,1,1,0,1,1,0,0
0,8,23,8,1,1,1,0,1,1,0,0
0,12,26,8,1,1,1,0,1,1,0,0
0,13,28,8,1,1,1,0,1,1,0,0
0,11,26,8,1,1,1,0,1,1,0,0
0,7,23,8,1,1,1,0,1,1,0,0
0,10,23,8,1,1,1,0,1,1,0,0
0,13,25,8,1,1,1,0,1,1,0,0
0,17,7,8,1,1,1,0,1,1,0,0
0,6,23,8,1,1,1,0,1,1,0,0
0,7,32,8,1,1,1,0,1,1,0,0
0,9,23,8,1,1,1,0,1,1,0,0
0,22,8,8,1,1,1,0,1,1,0,0
0,17,6,8,1,1,1,0,1,1,0,0
0,22,7,8,1,1,1,0,1,1,0,0
0,24,9,8,1,1,1,0,1,1,0,0
0,26,12,8,1,1,1,0,1,1,0,0
0,19,7,8,1,1,1,0,1,1,0,0
0,20,7,8,1,1,1,0,1,1,0,0
0,23,7,8,1,1,1,0,1,1,0,0
0,19,5,8,1,1,1,0,1,1,0,0
0,22,5,8,1,1,1,0,1,1,0,0
0,27,11,8,1,1,1,0,1,1,0,0
0,20,5,8,1,1,1,0,1,1,0,0
0,24,6,8,1,1,1,0,1,1,0,0
0,26,9,8,1,1,1,0,1,1,0,0
0,26,10,8,1,1,1,0,1,1,0,0
0,26,8,8,1,1,1,0,1,1,0,0
0,19,3,8,1,1,1,0,1,1,0,0
0,21,3,8,1,1,1,0,1,1,0,0
0,22,3,8,1,1,1,0,1,1,0,0
0,24,5,8,1,1,1,0,1,1,0,0
0,27,7,8,1,1,1,0,1,1,0,0
0,28,9,8,1,1,1,0,1,1,0,0
0,29,8,8,1,1,1,0,1,1,0,0
0,4,32,9,2,2,1,0,0,1,0,0
0,4,34,9,1,1,1,0,0,1,0,0
0,5,34,9,2,2,1,0,0,1,0,0
0,6,33,9,1,1,1,0,0,1,0,0
0,9,16,9,1,4,1,0,0,1,0,0
0,10,19,9,2,1,1,0,0,1,0,0
0,10,20,9,2,2,1,0,0,1,0,0
0,11,22,9,1,1,1,0,0,1,0,0
0,12,17,9,2,1,1,0,0,1,0,0
0,12,18,9,4,2,1,0,0,1,0,0
0,12,20,9,4,2,1,0,0,1,0,0
0,12,22,9,8,2,1,0,0,1,0,0
0,14,16,9,2,2,1,0,0,1,0,0
0,16,12,9,8,2,1,0,0,1,0,0
0,16,14,9,8,2,1,0,0,1,0,0
0,16,16,9,8,2,1,0,0,1,0,0
0,16,18,9,8,2,1,0,0,1,0,0
0,16,20,9,8,2,1,0,0,1,0,0
0,16,24,9,4,1,1,0,0,1,0,0
0,20,9,9,2,1,1,0,0,1,0,0
0,20,22,9,2,2,1,0,0,1,0,0
0,24,12,9,1,2,1,0,0,1,0,0
0,9,13,9,1,3,1,0,0,1,0,0
0,10,11,9,2,8,1,0,0,1,0,0
0,11,10,9,1,1,1,0,0,1,0,0
0,12,9,9,2,8,1,0,0,1,0,0
0,14,8,9,2,8,1,0,0,1,0,0
0,14,24,9,2,1,1,0,0,1,0,0
0,16,8,9,4,2,1,0,0,1,0,0
0,16,10,9,8,2,1,0,0,1,0,0
0,20,24,9,1,1,1,0,0,1,0,0
0,22,22,9,2,1,1,0,0,1,0,0
0,22,23,9,1,1,1,0,0,1,0,0
0,24,14,9,2,2,1,0,0,1,0,0
0,24,16,9,2,4,1,0,0,1,0,0
0,24,20,9,1,2,1,0,0,1,0,0
0,3,33,9,1,1,1,0,1,1,0,0
0,8,17,9,1,1,1,0,1,1,0,0
0,8,18,9,1,1,1,0,1,1,0,0
0,9,21,9,1,1,1,0,1,1,0,0
0,10,22,9,1,1,1,0,1,1,0,0
0,13,8,9,1,1,1,0,1,1,0,0
0,15,25,9,1,1,1,0,1,1,0,0
0,22,9,9,1,1,1,0,1,1,0,0
0,24,11,9,1,1,1,0,1,1,0,0
0,25,20,9,1,1,1,0,1,1,0,0
0,2,32,9,1,1,1,0,1,1,0,0
0,8,15,9,1,1,1,0,1,1,0,0
0,13,24,9,1,1,1,0,1,1,0,0
0,24,22,9,1,1,1,0,1,1,0,0
0,7,36,9,1,1,1,0,1,1,0,0
0,8,35,9,1,1,1,0,1,1,0,0
0,3,31,9,1,1,1,0,1,1,0,0
0,6,32,9,1,1,1,0,1,1,0,0
0,8,33,9,1,1,1,0,1,1,0,0
0,3,35,9,1,1,1,0,1,1,0,0
0,7,33,9,1,1,1,0,1,1,0,0
0,6,36,9,1,1,1,0,1,1,0,0
0,2,33,9,1,1,1,0,1,1,0,0
0,4,30,9,1,1,1,0,1,1,0,0
0,9,35,9,1,1,1,0,1,1,0,0
0,4,29,9,1,1,1,0,1,1,0,0
0,9,34,9,1,1,1,0,1,1,0,0
0,4,28,9,1,1,1,0,1,1,0,0
0,5,29,9,1,1,1,0,1,1,0,0
0,8,37,9,1,1,1,0,1,1,0,0
0,9,32,9,1,1,1,0,1,1,0,0
0,10,32,9,1,1,1,0,1,1,0,0
0,2,29,9,1,1,1,0,1,1,0,0
0,3,27,9,1,1,1,0,1,1,0,0
0,10,30,9,1,1,1,0,1,1,0,0
0,3,28,9,1,1,1,0,1,1,0,0
0,6,37,9,1,1,1,0,1,1,0,0
0,11,31,9,1,1,1,0,1,1,0,0
0,6,27,9,1,1,1,0,1,1,0,0
0,8,28,9,1,1,1,0,1,1,0,0
0,8,29,9,1,1,1,0,1,1,0,0
0,9,26,9,1,1,1,0,1,1,0,0
0,12,30,9,1,1,1,0,1,1,0,0
0,8,25,9,1,1,1,0,1,1,0,0
0,1,29,9,1,1,1,0,1,1,0,0
0,8,30,9,1,1,1,0,1,1,0,0
0,10,25,9,1,1,1,0,1,1,0,0
0,11,27,9,1,1,1,0,1,1,0,0
0,12,29,9,1,1,1,0,1,1,0,0
0,5,25,9,1,1,1,0,1,1,0,0
0,5,24,9,1,1,1,0,1,1,0,0
0,8,23,9,1,1,1,0,1,1,0,0
0,12,26,9,1,1,1,0,1,1,0,0
0,13,28,9,1,1,1,0,1,1,0,0
0,11,26,9,1,1,1,0,1,1,0,0
0,7,23,9,1,1,1,0,1,1,0,0
0,10,23,9,1,1,1,0,1,1,0,0
0,13,25,9,1,1,1,0,1,1,0,0
0,17,7,9,1,1,1,0,1,1,0,0
0,6,23,9,1,1,1,0,1,1,0,0
0,7,32,9,1,1,1,0,1,1,0,0
0,9,23,9,1,1,1,0,1,1,0,0
0,22,8,9,1,1,1,0,1,1,0,0
0,17,6,9,1,1,1,0,1,1,0,0
0,22,7,9,1,1,1,0,1,1,0,0
0,24,9,9,1,1,1,0,1,1,0,0
0,26,12,9,1,1,1,0,1,1,0,0
0,19,7,9,1,1,1,0,1,1,0,0
0,20,7,9,1,1,1,0,1,1,0,0
0,23,7,9,1,1,1,0,1,1,0,0
0,19,5,9,1,1,1,0,1,1,0,0
0,22,5,9,1,1,1,0,1,1,0,0
0,27,11,9,1,1,1,0,1,1,0,0
0,20,5,9,1,1,1,0,1,1,0,0
0,24,6,9,1,1,1,0,1,1,0,0
0,26,9,9,1,1,1,0,1,1,0,0
0,26,10,9,1,1,1,0,1,1,0,0
0,26,8,9,1,1,1,0,1,1,0,0
0,19,3,9,1,1,1,0,1,1,0,0
0,21,3,9,1,1,1,0,1,1,0,0
0,22,3,9,1,1,1,0,1,1,0,0
0,24,5,9,1,1,1,0,1,1,0,0
0,27,7,9,1,1,1,0,1,1,0,0
0,28,9,9,1,1,1,0,1,1,0,0
0,29,8,9,1,1,1,0,1,1,0,0
0,3,32,10,1,2,1,0,0,1,0,0
0,4,32,10,2,2,1,0,0,1,0,0
0,4,34,10,1,1,1,0,0,1,0,0
0,5,34,10,1,2,1,0,0,1,0,0
0,6,33,10,1,1,1,0,0,1,0,0
0,10,20,10,2,2,1,0,0,1,0,0
0,11,12,10,1,4,1,0,0,1,0,0
0,11,16,10,1,4,1,0,0,1,0,0
0,12,12,10,2,4,1,0,0,1,0,0
0,12,16,10,2,8,1,0,0,1,0,0
0,14,8,10,2,8,1,0,0,1,0,0
0,14,16,10,2,8,1,0,0,1,0,0
0,16,8,10,2,8,1,0,0,1,0,0
0,16,16,10,2,8,1,0,0,1,0,0
0,18,8,10,2,8,1,0,0,1,0,0
0,18,16,10,2,8,1,0,0,1,0,0
0,20,16,10,2,8,1,0,0,1,0,0
0,22,10,10,2,2,1,0,0,1,0,0
0,22,12,10,2,4,1,0,0,1,0,0
0,6,34,10,2,2,1,0,0,1,0,0
0,8,14,10,1,4,1,0,0,1,0,0
0,8,18,10,1,1,1,0,0,1,0,0
0,9,12,10,2,8,1,0,0,1,0,0
0,9,20,10,1,2,1,0,0,1,0,0
0,10,10,10,4,2,1,0,0,1,0,0
0,10,22,10,1,1,1,0,0,1,0,0
0,11,9,10,3,1,1,0,0,1,0,0
0,11,22,10,1,2,1,0,0,1,0,0
0,13,8,10,1,1,1,0,0,1,0,0
0,13,24,10,3,1,1,0,0,1,0,0
0,15,25,10,1,1,1,0,0,1,0,0
0,16,24,10,4,2,1,0,0,1,0,0
0,20,8,10,2,8,1,0,0,1,0,0
0,20,24,10,2,1,1,0,0,1,0,0
0,22,9,10,1,1,1,0,0,1,0,0
0,22,16,10,2,8,1,0,0,1,0,0
0,24,11,10,1,1,1,0,0,1,0,0
0,24,12,10,2,8,1,0,0,1,0,0
0,24,20,10,1,3,1,0,0,1,0,0
0,25,20,10,1,1,1,0,0,1,0,0
0,2,32,10,1,1,1,0,1,1,0,0
0,7,36,10,1,1,1,0,1,1,0,0
0,8,35,10,1,1,1,0,1,1,0,0
0,3,31,10,1,1,1,0,1,1,0,0
0,6,32,10,1,1,1,0,1,1,0,0
0,8,33,10,1,1,1,0,1,1,0,0
0,3,35,10,1,1,1,0,1,1,0,0
0,7,33,10,1,1,1,0,1,1,0,0
0,6,36,10,1,1,1,0,1,1,0,0
0,2,33,10,1,1,1,0,1,1,0,0
0,4,30,10,1,1,1,0,1,1,0,0
0,9,35,10,1,1,1,0,1,1,0,0
0,4,29,10,1,1,1,0,1,1,0,0
0,9,34,10,1,1,1,0,1,1,0,0
0,4,28,10,1,1,1,0,1,1,0,0
0,5,29,10,1,1,1,0,1,1,0,0
0,8,37,10,1,1,1,0,1,1,0,0
0,9,32,10,1,1,1,0,1,1,0,0
0,10,32,10,1,1,1,0,1,1,0,0
0,2,29,10,1,1,1,0,1,1,0,0
0,3,27,10,1,1,1,0,1,1,0,0
0,10,30,10,1,1,1,0,1,1,0,0
0,3,28,10,1,1,1,0,1,1,0,0
0,6,37,10,1,1,1,0,1,1,0,0
0,11,31,10,1,1,1,0,1,1,0,0
0,6,27,10,1,1,1,0,1,1,0,0
0,8,28,10,1,1,1,0,1,1,0,0
0,8,29,10,1,1,1,0,1,1,0,0
0,9,26,10,1,1,1,0,1,1,0,0
0,12,30,10,1,1,1,0,1,1,0,0
0,8,25,10,1,1,1,0,1,1,0,0
0,1,29,10,1,1,1,0,1,1,0,0
0,8,30,10,1,1,1,0,1,1,0,0
0,10,25,10,1,1,1,0,1,1,0,0
0,11,27,10,1,1,1,0,1,1,0,0
0,12,29,10,1,1,1,0,1,1,0,0
0,5,25,10,1,1,1,0,1,1,0,0
0,5,24,10,1,1,1,0,1,1,0,0
0,8,23,10,1,1,1,0,1,1,0,0
0,12,26,10,1,1,1,0,1,1,0,0
0,13,28,10,1,1,1,0,1,1,0,0
0,11,26,10,1,1,1,0,1,1,0,0
0,7,23,10,1,1,1,0,1,1,0,0
0,10,23,10,1,1,1,0,1,1,0,0
0,13,25,10,1,1,1,0,1,1,0,0
0,17,7,10,1,1,1,0,1,1,0,0
0,6,23,10,1,1,1,0,1,1,0,0
0,7,32,10,1,1,1,0,1,1,0,0
0,9,23,10,1,1,1,0,1,1,0,0
0,22,8,10,1,1,1,0,1,1,0,0
0,17,6,10,1,1,1,0,1,1,0,0
0,22,7,10,1,1,1,0,1,1,0,0
0,24,9,10,1,1,1,0,1,1,0,0
0,26,12,10,1,1,1,0,1,1,0,0
0,19,7,10,1,1,1,0,1,1,0,0
0,20,7,10,1,1,1,0,1,1,0,0
0,23,7,10,1,1,1,0,1,1,0,0
0,19,5,10,1,1,1,0,1,1,0,0
0,22,5,10,1,1,1,0,1,1,0,0
0,27,11,10,1,1,1,0,1,1,0,0
0,20,5,10,1,1,1,0,1,1,0,0
0,24,6,10,1,1,1,0,1,1,0,0
0,26,9,10,1,1,1,0,1,1,0,0
0,26,10,10,1,1,1,0,1,1,0,0
0,26,8,10,1,1,1,0,1,1,0,0
0,19,3,10,1,1,1,0,1,1,0,0
0,21,3,10,1,1,1,0,1,1,0,0
0,22,3,10,1,1,1,0,1,1,0,0
0,24,5,10,1,1,1,0,1,1,0,0
0,27,7,10,1,1,1,0,1,1,0,0
0,28,9,10,1,1,1,0,1,1,0,0
0,29,8,10,1,1,1,0,1,1,0,0
0,2,32,11,1,1,1,0,0,1,0,0
0,4,32,11,2,2,1,0,0,1,0,0
0,4,34,11,2,1,1,0,0,1,0,0
0,5,35,11,1,1,1,0,0,1,0,0
0,6,33,11,1,1,1,0,0,1,0,0
0,6,34,11,2,2,1,0,0,1,0,0
0,8,14,11,8,2,1,0,0,1,0,0
0,8,16,11,8,2,1,0,0,1,0,0
0,8,18,11,1,1,1,0,0,1,0,0
0,9,12,11,1,2,1,0,0,1,0,0
0,9,18,11,2,4,1,0,0,1,0,0
0,10,10,11,2,4,1,0,0,1,0,0
0,10,22,11,1,1,1,0,0,1,0,0
0,11,9,11,2,1,1,0,0,1,0,0
0,11,18,11,1,2,1,0,0,1,0,0
0,11,20,11,1,4,1,0,0,1,0,0
0,12,10,11,4,2,1,0,0,1,0,0
0,12,12,11,4,2,1,0,0,1,0,0
0,12,18,11,4,2,1,0,0,1,0,0
0,12,20,11,4,2,1,0,0,1,0,0
0,12,22,11,4,2,1,0,0,1,0,0
0,13,8,11,8,2,1,0,0,1,0,0
0,13,24,11,3,1,1,0,0,1,0,0
0,15,25,11,1,1,1,0,0,1,0,0
0,16,10,11,8,2,1,0,0,1,0,0
0,16,12,11,8,2,1,0,0,1,0,0
0,16,14,11,8,2,1,0,0,1,0,0
0,16,16,11,8,2,1,0,0,1,0,0
0,16,18,11,8,2,1,0,0,1,0,0
0,16,20,11,8,2,1,0,0,1,0,0
0,16,22,11,8,2,1,0,0,1,0,0
0,16,24,11,4,2,1,0,0,1,0,0
0,20,24,11,2,1,1,0,0,1,0,0
0,21,8,11,1,1,1,0,0,1,0,0
0,21,9,11,2,1,1,0,0,1,0,0
0,24,11,11,1,1,1,0,0,1,0,0
0,24,12,11,2,8,1,0,0,1,0,0
0,24,20,11,1,3,1,0,0,1,0,0
0,25,20,11,1,1,1,0,0,1,0,0
0,3,31,11,1,3,1,0,0,1,0,0
0,7,36,11,1,1,1,0,0,1,0,0
0,8,35,11,1,1,1,0,0,1,0,0
0,6,32,11,1,1,1,0,1,1,0,0
0,8,33,11,1,1,1,0,1,1,0,0
0,3,35,11,1,1,1,0,1,1,0,0
0,7,33,11,1,1,1,0,1,1,0,0
0,6,36,11,1,1,1,0,1,1,0,0
0,2,33,11,1,1,1,0,1,1,0,0
0,4,30,11,1,1,1,0,1,1,0,0
0,9,35,11,1,1,1,0,1,1,0,0
0,4,29,11,1,1,1,0,1,1,0,0
0,9,34,11,1,1,1,0,1,1,0,0
0,4,28,11,1,1,1,0,1,1,0,0
0,5,29,11,1,1,1,0,1,1,0,0
0,8,37,11,1,1,1,0,1,1,0,0
0,9,32,11,1,1,1,0,1,1,0,0
0,10,32,11,1,1,1,0,1,1,0,0
0,2,29,11,1,1,1,0,1,1,0,0
0,3,27,11,1,1,1,0,1,1,0,0
0,10,30,11,1,1,1,0,1,1,0,0
0,3,28,11,1,1,1,0,1,1,0,0
0,6,37,11,1,1,1,0,1,1,0,0
0,11,31,11,1,1,1,0,1,1,0,0
0,6,27,11,1,1,1,0,1,1,0,0
0,8,28,11,1,1,1,0,1,1,0,0
0,8,29,11,1,1,1,0,1,1,0,0
0,9,26,11,1,1,1,0,1,1,0,0
0,12,30,11,1,1,1,0,1,1,0,0
0,8,25,11,1,1,1,0,1,1,0,0
0,1,29,11,1,1,1,0,1,1,0,0
0,8,30,11,1,1,1,0,1,1,0,0
0,10,25,11,1,1,1,0,1,1,0,0
0,11,27,11,1,1,1,0,1,1,0,0
0,12,29,11,1,1,1,0,1,1,0,0
0,5,25,11,1,1,1,0,1,1,0,0
0,5,24,11,1,1,1,0,1,1,0,0
0,8,23,11,1,1,1,0,1,1,0,0
0,12,26,11,1,1,1,0,1,1,0,0
0,13,28,11,1,1,1,0,1,1,0,0
0,11,26,11,1,1,1,0,1,1,0,0
0,7,23,11,1,1,1,0,1,1,0,0
0,10,23,11,1,1,1,0,1,1,0,0
0,13,25,11,1,1,1,0,1,1,0,0
0,17,7,11,1,1,1,0,1,1,0,0
0,6,23,11,1,1,1,0,1,1,0,0
0,7,32,11,1,1,1,0,1,1,0,0
0,9,23,11,1,1,1,0,1,1,0,0
0,22,8,11,1,1,1,0,1,1,0,0
0,17,6,11,1,1,1,0,1,1,0,0
0,22,7,11,1,1,1,0,1,1,0,0
0,24,9,11,1,1,1,0,1,1,0,0
0,26,12,11,1,1,1,0,1,1,0,0
0,19,7,11,1,1,1,0,1,1,0,0
0,20,7,11,1,1,1,0,1,1,0,0
0,23,7,11,1,1,1,0,1,1,0,0
0,19,5,11,1,1,1,0,1,1,0,0
0,22,5,11,1,1,1,0,1,1,0,0
0,27,11,11,1,1,1,0,1,1,0,0
0,20,5,11,1,1,1,0,1,1,0,0
0,24,6,11,1,1,1,0,1,1,0,0
0,26,9,11,1,1,1,0,1,1,0,0
0,26,10,11,1,1,1,0,1,1,0,0
0,26,8,11,1,1,1,0,1,1,0,0
0,19,3,11,1,1,1,0,1,1,0,0
0,21,3,11,1,1,1,0,1,1,0,0
0,22,3,11,1,1,1,0,1,1,0,0
0,24,5,11,1,1,1,0,1,1,0,0
0,27,7,11,1,1,1,0,1,1,0,0
0,28,9,11,1,1,1,0,1,1,0,0
0,29,8,11,1,1,1,0,1,1,0,0
0,3,33,12,1,1,1,0,0,1,0,0
0,7,34,12,1,3,1,0,0,1,0,0
0,8,14,12,1,4,1,0,0,1,0,0
0,8,18,12,1,1,1,0,0,1,0,0
0,8,35,12,1,1,1,0,0,1,0,0
0,9,12,12,2,8,1,0,0,1,0,0
0,9,20,12,1,2,1,0,0,1,0,0
0,10,10,12,4,2,1,0,0,1,0,0
0,10,20,12,2,2,1,0,0,1,0,0
0,10,22,12,1,1,1,0,0,1,0,0
0,11,9,12,3,1,1,0,0,1,0,0
0,11,12,12,1,4,1,0,0,1,0,0
0,11,16,12,1,4,1,0,0,1,0,0
0,11,22,12,1,2,1,0,0,1,0,0
0,12,12,12,2,4,1,0,0,1,0,0
0,12,16,12,2,8,1,0,0,1,0,0
0,13,8,12,1,1,1,0,0,1,0,0
0,13,24,12,3,1,1,0,0,1,0,0
0,14,8,12,2,8,1,0,0,1,0,0
0,14,16,12,2,8,1,0,0,1,0,0
0,15,25,12,1,1,1,0,0,1,0,0
0,16,8,12,2,8,1,0,0,1,0,0
0,16,16,12,2,8,1,0,0,1,0,0
0,16,24,12,4,2,1,0,0,1,0,0
0,18,8,12,2,8,1,0,0,1,0,0
0,18,16,12,2,8,1,0,0,1,0,0
0,20,8,12,2,8,1,0,0,1,0,0
0,20,16,12,2,8,1,0,0,1,0,0
0,20,24,12,2,1,1,0,0,1,0,0
0,22,9,12,1,1,1,0,0,1,0,0
0,22,10,12,2,2,1,0,0,1,0,0
0,22,12,12,2,4,1,0,0,1,0,0
0,22,16,12,2,8,1,0,0,1,0,0
0,24,11,12,1,1,1,0,0,1,0,0
0,24,12,12,2,8,1,0,0,1,0,0
0,24,20,12,1,3,1,0,0,1,0,0
0,25,20,12,1,1,1,0,0,1,0,0
0,2,31,12,2,2,1,0,0,1,0,0
0,4,32,12,1,1,1,0,1,1,0,0
0,5,32,12,1,1,1,0,1,1,0,0
0,6,32,12,1,1,1,0,1,1,0,0
0,8,33,12,1,1,1,0,1,1,0,0
0,3,35,12,1,1,1,0,1,1,0,0
0,7,33,12,1,1,1,0,1,1,0,0
0,6,36,12,1,1,1,0,1,1,0,0
0,2,33,12,1,1,1,0,1,1,0,0
0,4,30,12,1,1,1,0,1,1,0,0
0,9,35,12,1,1,1,0,1,1,0,0
0,4,29,12,1,1,1,0,1,1,0,0
0,9,34,12,1,1,1,0,1,1,0,0
0,4,28,12,1,1,1,0,1,1,0,0
0,5,29,12,1,1,1,0,1,1,0,0
0,8,37,12,1,1,1,0,1,1,0,0
0,9,32,12,1,1,1,0,1,1,0,0
0,10,32,12,1,1,1,0,1,1,0,0
0,2,29,12,1,1,1,0,1,1,0,0
0,3,27,12,1,1,1,0,1,1,0,0
0,10,30,12,1,1,1,0,1,1,0,0
0,3,28,12,1,1,1,0,1,1,0,0
0,6,37,12,1,1,1,0,1,1,0,0
0,11,31,12,1,1,1,0,1,1,0,0
0,6,27,12,1,1,1,0,1,1,0,0
0,8,28,12,1,1,1,0,1,1,0,0
0,8,29,12,1,1,1,0,1,1,0,0
0,9,26,12,1,1,1,0,1,1,0,0
0,12,30,12,1,1,1,0,1,1,0,0
0,8,25,12,1,1,1,0,1,1,0,0
0,1,29,12,1,1,1,0,1,1,0,0
0,8,30,12,1,1,1,0,1,1,0,0
0,10,25,12,1,1,1,0,1,1,0,0
0,11,27,12,1,1,1,0,1,1,0,0
0,12,29,12,1,1,1,0,1,1,0,0
0,5,25,12,1,1,1,0,1,1,0,0
0,5,24,12,1,1,1,0,1,1,0,0
0,8,23,12,1,1,1,0,1,1,0,0
0,12,26,12,1,1,1,0,1,1,0,0
0,13,28,12,1,1,1,0,1,1,0,0
0,11,26,12,1,1,1,0,1,1,0,0
0,7,23,12,1,1,1,0,1,1,0,0
0,10,23,12,1,1,1,0,1,1,0,0
0,13,25,12,1,1,1,0,1,1,0,0
0,17,7,12,1,1,1,0,1,1,0,0
0,6,23,12,1,1,1,0,1,1,0,0
0,7,32,12,1,1,1,0,1,1,0,0
0,9,23,12,1,1,1,0,1,1,0,0
0,22,8,12,1,1,1,0,1,1,0,0
0,17,6,12,1,1,1,0,1,1,0,0
0,22,7,12,1,1,1,0,1,1,0,0
0,24,9,12,1,1,1,0,1,1,0,0
0,26,12,12,1,1,1,0,1,1,0,0
0,19,7,12,1,1,1,0,1,1,0,0
0,20,7,12,1,1,1,0,1,1,0,0
0,23,7,12,1,1,1,0,1,1,0,0
0,19,5,12,1,1,1,0,1,1,0,0
0,22,5,12,1,1,1,0,1,1,0,0
0,27,11,12,1,1,1,0,1,1,0,0
0,20,5,12,1,1,1,0,1,1,0,0
0,24,6,12,1,1,1,0,1,1,0,0
0,26,9,12,1,1,1,0,1,1,0,0
0,26,10,12,1,1,1,0,1,1,0,0
0,26,8,12,1,1,1,0,1,1,0,0
0,19,3,12,1,1,1,0,1,1,0,0
0,21,3,12,1,1,1,0,1,1,0,0
0,22,3,12,1,1,1,0,1,1,0,0
0,24,5,12,1,1,1,0,1,1,0,0
0,27,7,12,1,1,1,0,1,1,0,0
0,28,9,12,1,1,1,0,1,1,0,0
0,29,8,12,1,1,1,0,1,1,0,0
0,2,31,13,2,2,1,0,0,1,0,0
0,7,34,13,1,1,1,0,0,1,0,0
0,7,35,13,2,1,1,0,0,1,0,0
0,9,13,13,1,3,1,0,0,1,0,0
0,9,16,13,1,4,1,0,0,1,0,0
0,10,11,13,2,8,1,0,0,1,0,0
0,10,19,13,2,1,1,0,0,1,0,0
0,10,20,13,2,2,1,0,0,1,0,0
0,11,10,13,1,1,1,0,0,1,0,0
0,11,22,13,1,1,1,0,0,1,0,0
0,12,9,13,2,8,1,0,0,1,0,0
0,12,17,13,2,1,1,0,0,1,0,0
0,12,18,13,4,2,1,0,0,1,0,0
0,12,20,13,4,2,1,0,0,1,0,0
0,12,22,13,8,2,1,0,0,1,0,0
0,14,8,13,2,8,1,0,0,1,0,0
0,14,16,13,2,2,1,0,0,1,0,0
0,14,24,13,2,1,1,0,0,1,0,0
0,16,8,13,4,2,1,0,0,1,0,0
0,16,10,13,8,2,1,0,0,1,0,0
0,16,12,13,8,2,1,0,0,1,0,0
0,16,14,13,8,2,1,0,0,1,0,0
0,16,16,13,8,2,1,0,0,1,0,0
0,16,18,13,8,2,1,0,0,1,0,0
0,16,20,13,8,2,1,0,0,1,0,0
0,16,24,13,4,1,1,0,0,1,0,0
0,20,9,13,2,1,1,0,0,1,0,0
0,20,22,13,2,2,1,0,0,1,0,0
0,20,24,13,1,1,1,0,0,1,0,0
0,22,22,13,2,1,1,0,0,1,0,0
0,22,23,13,1,1,1,0,0,1,0,0
0,24,12,13,1,2,1,0,0,1,0,0
0,24,14,13,2,4,1,0,0,1,0,0
0,24,18,13,1,3,1,0,0,1,0,0
0,25,18,13,1,1,1,0,0,1,0,0
0,4,32,13,1,1,1,0,0,1,0,0
0,5,32,13,1,1,1,0,1,1,0,0
0,6,32,13,1,1,1,0,1,1,0,0
0,8,33,13,1,1,1,0,1,1,0,0
0,3,35,13,1,1,1,0,1,1,0,0
0,7,33,13,1,1,1,0,1,1,0,0
0,7,36,13,1,1,1,0,1,1,0,0
0,6,36,13,1,1,1,0,1,1,0,0
0,2,33,13,1,1,1,0,1,1,0,0
0,4,30,13,1,1,1,0,1,1,0,0
0,9,35,13,1,1,1,0,1,1,0,0
0,4,29,13,1,1,1,0,1,1,0,0
0,9,34,13,1,1,1,0,1,1,0,0
0,4,28,13,1,1,1,0,1,1,0,0
0,5,29,13,1,1,1,0,1,1,0,0
0,8,37,13,1,1,1,0,1,1,0,0
0,9,32,13,1,1,1,0,1,1,0,0
0,10,32,13,1,1,1,0,1,1,0,0
0,2,29,13,1,1,1,0,1,1,0,0
0,3,27,13,1,1,1,0,1,1,0,0
0,10,30,13,1,1,1,0,1,1,0,0
0,3,28,13,1,1,1,0,1,1,0,0
0,6,37,13,1,1,1,0,1,1,0,0
0,11,31,13,1,1,1,0,1,1,0,0
0,6,27,13,1,1,1,0,1,1,0,0
0,8,28,13,1,1,1,0,1,1,0,0
0,8,29,13,1,1,1,0,1,1,0,0
0,9,26,13,1,1,1,0,1,1,0,0
0,12,30,13,1,1,1,0,1,1,0,0
0,8,25,13,1,1,1,0,1,1,0,0
0,1,29,13,1,1,1,0,1,1,0,0
0,8,30,13,1,1,1,0,1,1,0,0
0,10,25,13,1,1,1,0,1,1,0,0
0,11,27,13,1,1,1,0,1,1,0,0
0,12,29,13,1,1,1,0,1,1,0,0
0,5,25,13,1,1,1,0,1,1,0,0
0,5,24,13,1,1,1,0,1,1,0,0
0,8,23,13,1,1,1,0,1,1,0,0
0,12,26,13,1,1,1,0,1,1,0,0
0,13,28,13,1,1,1,0,1,1,0,0
0,11,26,13,1,1,1,0,1,1,0,0
0,7,23,13,1,1,1,0,1,1,0,0
0,10,23,13,1,1,1,0,1,1,0,0
0,13,25,13,1,1,1,0,1,1,0,0
0,17,7,13,1,1,1,0,1,1,0,0
0,6,23,13,1,1,1,0,1,1,0,0
0,7,32,13,1,1,1,0,1,1,0,0
0,9,23,13,1,1,1,0,1,1,0,0
0,15,25,13,1,1,1,0,1,1,0,0
0,22,8,13,1,1,1,0,1,1,0,0
0,24,11,13,1,1,1,0,1,1,0,0
0,17,6,13,1,1,1,0,1,1,0,0
0,22,7,13,1,1,1,0,1,1,0,0
0,24,9,13,1,1,1,0,1,1,0,0
0,26,12,13,1,1,1,0,1,1,0,0
0,19,7,13,1,1,1,0,1,1,0,0
0,20,7,13,1,1,1,0,1,1,0,0
0,23,7,13,1,1,1,0,1,1,0,0
0,19,5,13,1,1,1,0,1,1,0,0
0,22,5,13,1,1,1,0,1,1,0,0
0,27,11,13,1,1,1,0,1,1,0,0
0,20,5,13,1,1,1,0,1,1,0,0
0,24,6,13,1,1,1,0,1,1,0,0
0,26,9,13,1,1,1,0,1,1,0,0
0,26,10,13,1,1,1,0,1,1,0,0
0,26,8,13,1,1,1,0,1,1,0,0
0,19,3,13,1,1,1,0,1,1,0,0
0,21,3,13,1,1,1,0,1,1,0,0
0,22,3,13,1,1,1,0,1,1,0,0
0,24,5,13,1,1,1,0,1,1,0,0
0,27,7,13,1,1,1,0,1,1,0,0
0,28,9,13,1,1,1,0,1,1,0,0
0,29,8,13,1,1,1,0,1,1,0,0
0,2,32,14,1,1,1,0,0,1,0,0
0,10,15,14,1,3,1,0,0,1,0,0
0,11,13,14,2,8,1,0,0,1,0,0
0,12,11,14,1,2,1,0,0,1,0,0
0,12,21,14,1,1,1,0,0,1,0,0
0,13,11,14,2,8,1,0,0,1,0,0
0,13,19,14,2,4,1,0,0,1,0,0
0,14,10,14,1,1,1,0,0,1,0,0
0,15,10,14,1,2,1,0,0,1,0,0
0,15,12,14,1,4,1,0,0,1,0,0
0,15,16,14,1,4,1,0,0,1,0,0
0,15,20,14,1,3,1,0,0,1,0,0
0,16,10,14,2,2,1,0,0,1,0,0
0,16,12,14,2,4,1,0,0,1,0,0
0,16,16,14,2,8,1,0,0,1,0,0
0,18,10,14,2,8,1,0,0,1,0,0
0,18,18,14,2,4,1,0,0,1,0,0
0,18,22,14,3,1,1,0,0,1,0,0
0,18,23,14,1,1,1,0,0,1,0,0
0,20,10,14,1,1,1,0,0,1,0,0
0,20,11,14,2,8,1,0,0,1,0,0
0,20,19,14,2,1,1,0,0,1,0,0
0,20,20,14,2,2,1,0,0,1,0,0
0,22,12,14,1,2,1,0,0,1,0,0
0,22,14,14,2,2,1,0,0,1,0,0
0,22,16,14,2,4,1,0,0,1,0,0
0,22,20,14,1,2,1,0,0,1,0,0
0,23,13,14,1,1,1,0,0,1,0,0
0,3,31,14,2,4,1,0,0,1,0,0
0,5,31,14,1,2,1,0,0,1,0,0
0,5,34,14,4,2,1,0,0,1,0,0
0,6,32,14,1,1,1,0,0,1,0,0
0,6,33,14,3,1,1,0,0,1,0,0
0,3,35,14,1,1,1,0,1,1,0,0
0,7,36,14,1,1,1,0,1,1,0,0
0,19,9,14,1,1,1,0,1,1,0,0
0,23,12,14,1,1,1,0,1,1,0,0
0,6,36,14,1,1,1,0,1,1,0,0
0,2,33,14,1,1,1,0,1,1,0,0
0,4,30,14,1,1,1,0,1,1,0,0
0,9,35,14,1,1,1,0,1,1,0,0
0,4,29,14,1,1,1,0,1,1,0,0
0,9,34,14,1,1,1,0,1,1,0,0
0,4,28,14,1,1,1,0,1,1,0,0
0,5,29,14,1,1,1,0,1,1,0,0
0,8,37,14,1,1,1,0,1,1,0,0
0,9,32,14,1,1,1,0,1,1,0,0
0,10,32,14,1,1,1,0,1,1,0,0
0,2,29,14,1,1,1,0,1,1,0,0
0,3,27,14,1,1,1,0,1,1,0,0
0,10,30,14,1,1,1,0,1,1,0,0
0,3,28,14,1,1,1,0,1,1,0,0
0,6,37,14,1,1,1,0,1,1,0,0
0,11,31,14,1,1,1,0,1,1,0,0
0,6,27,14,1,1,1,0,1,1,0,0
0,8,28,14,1,1,1,0,1,1,0,0
0,8,29,14,1,1,1,0,1,1,0,0
0,9,26,14,1,1,1,0,1,1,0,0
0,12,30,14,1,1,1,0,1,1,0,0
0,15,9,14,1,1,1,0,1,1,0,0
0,24,15,14,1,1,1,0,1,1,0,0
0,8,25,14,1,1,1,0,1,1,0,0
0,1,29,14,1,1,1,0,1,1,0,0
0,8,30,14,1,1,1,0,1,1,0,0
0,10,25,14,1,1,1,0,1,1,0,0
0,11,27,14,1,1,1,0,1,1,0,0
0,12,29,14,1,1,1,0,1,1,0,0
0,5,25,14,1,1,1,0,1,1,0,0
0,17,9,14,1,1,1,0,1,1,0,0
0,5,24,14,1,1,1,0,1,1,0,0
0,8,23,14,1,1,1,0,1,1,0,0
0,12,26,14,1,1,1,0,1,1,0,0
0,16,8,14,1,1,1,0,1,1,0,0
0,13,28,14,1,1,1,0,1,1,0,0
0,11,26,14,1,1,1,0,1,1,0,0
0,7,23,14,1,1,1,0,1,1,0,0
0,10,23,14,1,1,1,0,1,1,0,0
0,13,25,14,1,1,1,0,1,1,0,0
0,17,7,14,1,1,1,0,1,1,0,0
0,18,8,14,1,1,1,0,1,1,0,0
0,24,12,14,1,1,1,0,1,1,0,0
0,24,13,14,1,1,1,0,1,1,0,0
0,6,23,14,1,1,1,0,1,1,0,0
0,7,32,14,1,1,1,0,1,1,0,0
0,9,23,14,1,1,1,0,1,1,0,0
0,10,21,14,1,1,1,0,1,1,0,0
0,12,23,14,1,1,1,0,1,1,0,0
0,13,23,14,1,1,1,0,1,1,0,0
0,15,25,14,1,1,1,0,1,1,0,0
0,22,8,14,1,1,1,0,1,1,0,0
0,24,11,14,1,1,1,0,1,1,0,0
0,16,24,14,1,1,1,0,1,1,0,0
0,17,6,14,1,1,1,0,1,1,0,0
0,22,7,14,1,1,1,0,1,1,0,0
0,24,9,14,1,1,1,0,1,1,0,0
0,26,12,14,1,1,1,0,1,1,0,0
0,11,21,14,1,1,1,0,1,1,0,0
0,15,23,14,1,1,1,0,1,1,0,0
0,19,7,14,1,1,1,0,1,1,0,0
0,20,7,14,1,1,1,0,1,1,0,0
0,23,7,14,1,1,1,0,1,1,0,0
0,19,5,14,1,1,1,0,1,1,0,0
0,22,5,14,1,1,1,0,1,1,0,0
0,27,11,14,1,1,1,0,1,1,0,0
0,20,5,14,1,1,1,0,1,1,0,0
0,24,6,14,1,1,1,0,1,1,0,0
0,26,9,14,1,1,1,0,1,1,0,0
0,26,10,14,1,1,1,0,1,1,0,0
0,26,8,14,1,1,1,0,1,1,0,0
0,9,19,14,1,1,1,0,1,1,0,0
0,19,3,14,1,1,1,0,1,1,0,0
0,21,3,14,1,1,1,0,1,1,0,0
0,22,3,14,1,1,1,0,1,1,0,0
0,24,5,14,1,1,1,0,1,1,0,0
0,27,7,14,1,1,1,0,1,1,0,0
0,28,9,14,1,1,1,0,1,1,0,0
0,29,8,14,1,1,1,0,1,1,0,0
0,18,24,14,1,1,1,0,1,1,0,0
0,3,31,15,3,1,1,0,0,1,0,0
0,3,32,15,1,1,1,0,0,1,0,0
0,8,33,15,1,2,1,0,0,1,0,0
0,11,14,15,8,2,1,0,0,1,0,0
0,11,16,15,1,3,1,0,0,1,0,0
0,12,12,15,8,2,1,0,0,1,0,0
0,12,16,15,4,2,1,0,0,1,0,0
0,12,18,15,8,2,1,0,0,1,0,0
0,12,20,15,1,1,1,0,0,1,0,0
0,13,11,15,3,1,1,0,0,1,0,0
0,13,20,15,8,2,1,0,0,1,0,0
0,15,10,15,1,1,1,0,0,1,0,0
0,15,22,15,1,1,1,0,0,1,0,0
0,16,10,15,4,2,1,0,0,1,0,0
0,16,16,15,8,2,1,0,0,1,0,0
0,16,22,15,4,1,1,0,0,1,0,0
0,19,14,15,4,2,1,0,0,1,0,0
0,20,18,15,2,2,1,0,0,1,0,0
0,21,20,15,1,2,1,0,0,1,0,0
0,22,18,15,1,3,1,0,0,1,0,0
0,23,15,15,1,1,1,0,0,1,0,0
0,2,33,15,2,2,1,0,0,1,0,0
0,3,35,15,1,1,1,0,0,1,0,0
0,4,32,15,4,2,1,0,0,1,0,0
0,4,34,15,4,2,1,0,0,1,0,0
0,5,36,15,3,1,1,0,0,1,0,0
0,18,9,15,2,1,1,0,0,1,0,0
0,20,10,15,2,4,1,0,0,1,0,0
0,22,11,15,1,3,1,0,0,1,0,0
0,23,12,15,1,1,1,0,0,1,0,0
0,4,30,15,1,1,1,0,1,1,0,0
0,9,35,15,1,1,1,0,1,1,0,0
0,4,29,15,1,1,1,0,1,1,0,0
0,9,34,15,1,1,1,0,1,1,0,0
0,4,28,15,1,1,1,0,1,1,0,0
0,5,29,15,1,1,1,0,1,1,0,0
0,8,37,15,1,1,1,0,1,1,0,0
0,9,32,15,1,1,1,0,1,1,0,0
0,10,32,15,1,1,1,0,1,1,0,0
0,2,29,15,1,1,1,0,1,1,0,0
0,3,27,15,1,1,1,0,1,1,0,0
0,10,16,15,1,1,1,0,1,1,0,0
0,10,30,15,1,1,1,0,1,1,0,0
0,3,28,15,1,1,1,0,1,1,0,0
0,6,37,15,1,1,1,0,1,1,0,0
0,11,31,15,1,1,1,0,1,1,0,0
0,6,27,15,1,1,1,0,1,1,0,0
0,8,28,15,1,1,1,0,1,1,0,0
0,8,29,15,1,1,1,0,1,1,0,0
0,9,26,15,1,1,1,0,1,1,0,0
0,12,30,15,1,1,1,0,1,1,0,0
0,15,9,15,1,1,1,0,1,1,0,0
0,24,15,15,1,1,1,0,1,1,0,0
0,8,25,15,1,1,1,0,1,1,0,0
0,1,29,15,1,1,1,0,1,1,0,0
0,8,30,15,1,1,1,0,1,1,0,0
0,10,25,15,1,1,1,0,1,1,0,0
0,11,27,15,1,1,1,0,1,1,0,0
0,12,29,15,1,1,1,0,1,1,0,0
0,5,25,15,1,1,1,0,1,1,0,0
0,17,9,15,1,1,1,0,1,1,0,0
0,5,24,15,1,1,1,0,1,1,0,0
0,8,23,15,1,1,1,0,1,1,0,0
0,12,26,15,1,1,1,0,1,1,0,0
0,16,8,15,1,1,1,0,1,1,0,0
0,13,28,15,1,1,1,0,1,1,0,0
0,11,26,15,1,1,1,0,1,1,0,0
0,7,23,15,1,1,1,0,1,1,0,0
0,10,23,15,1,1,1,0,1,1,0,0
0,13,25,15,1,1,1,0,1,1,0,0
0,17,7,15,1,1,1,0,1,1,0,0
0,18,8,15,1,1,1,0,1,1,0,0
0,24,12,15,1,1,1,0,1,1,0,0
0,24,13,15,1,1,1,0,1,1,0,0
0,6,23,15,1,1,1,0,1,1,0,0
0,9,23,15,1,1,1,0,1,1,0,0
0,10,21,15,1,1,1,0,1,1,0,0
0,12,23,15,1,1,1,0,1,1,0,0
0,13,23,15,1,1,1,0,1,1,0,0
0,15,25,15,1,1,1,0,1,1,0,0
0,22,8,15,1,1,1,0,1,1,0,0
0,24,11,15,1,1,1,0,1,1,0,0
0,12,21,15,1,1,1,0,1,1,0,0
0,14,22,15,1,1,1,0,1,1,0,0
0,16,23,15,1,1,1,0,1,1,0,0
0,16,24,15,1,1,1,0,1,1,0,0
0,17,6,15,1,1,1,0,1,1,0,0
0,22,7,15,1,1,1,0,1,1,0,0
0,24,9,15,1,1,1,0,1,1,0,0
0,26,12,15,1,1,1,0,1,1,0,0
0,11,21,15,1,1,1,0,1,1,0,0
0,15,23,15,1,1,1,0,1,1,0,0
0,19,7,15,1,1,1,0,1,1,0,0
0,20,7,15,1,1,1,0,1,1,0,0
0,23,7,15,1,1,1,0,1,1,0,0
0,11,19,15,1,1,1,0,1,1,0,0
0,19,5,15,1,1,1,0,1,1,0,0
0,22,5,15,1,1,1,0,1,1,0,0
0,27,11,15,1,1,1,0,1,1,0,0
0,20,5,15,1,1,1,0,1,1,0,0
0,24,6,15,1,1,1,0,1,1,0,0
0,26,9,15,1,1,1,0,1,1,0,0
0,26,10,15,1,1,1,0,1,1,0,0
0,26,8,15,1,1,1,0,1,1,0,0
0,9,19,15,1,1,1,0,1,1,0,0
0,19,3,15,1,1,1,0,1,1,0,0
0,21,3,15,1,1,1,0,1,1,0,0
0,22,3,15,1,1,1,0,1,1,0,0
0,24,5,15,1,1,1,0,1,1,0,0
0,27,7,15,1,1,1,0,1,1,0,0
0,28,9,15,1,1,1,0,1,1,0,0
0,29,8,15,1,1,1,0,1,1,0,0
0,18,24,15,1,1,1,0,1,1,0,0
0,4,32,16,2,4,1,0,0,1,0,0
0,6,32,16,2,4,1,0,0,1,0,0
0,8,33,16,1,2,1,0,0,1,0,0
0,12,14,16,1,4,1,0,0,1,0,0
0,12,18,16,1,1,1,0,0,1,0,0
0,13,12,16,2,8,1,0,0,1,0,0
0,13,20,16,2,1,1,0,0,1,0,0
0,15,11,16,2,8,1,0,0,1,0,0
0,15,19,16,2,2,1,0,0,1,0,0
0,15,21,16,2,1,1,0,0,1,0,0
0,17,10,16,2,8,1,0,0,1,0,0
0,17,18,16,2,4,1,0,0,1,0,0
0,18,9,16,1,1,1,0,0,1,0,0
0,19,17,16,2,4,1,0,0,1,0,0
0,19,21,16,1,1,1,0,0,1,0,0
0,21,10,16,1,1,1,0,0,1,0,0
0,21,11,16,2,8,1,0,0,1,0,0
0,21,19,16,1,1,1,0,0,1,0,0
0,23,12,16,1,1,1,0,0,1,0,0
0,2,32,16,2,4,1,0,0,1,0,0
0,4,31,16,3,1,1,0,0,1,0,0
0,4,36,16,4,1,1,0,0,1,0,0
0,19,9,16,2,8,1,0,0,1,0,0
0,4,30,16,1,1,1,0,1,1,0,0
0,9,35,16,1,1,1,0,1,1,0,0
0,11,15,16,1,1,1,0,1,1,0,0
0,14,11,16,1,1,1,0,1,1,0,0
0,20,21,16,1,1,1,0,1,1,0,0
0,21,20,16,1,1,1,0,1,1,0,0
0,4,29,16,1,1,1,0,1,1,0,0
0,9,34,16,1,1,1,0,1,1,0,0
0,4,28,16,1,1,1,0,1,1,0,0
0,5,29,16,1,1,1,0,1,1,0,0
0,8,37,16,1,1,1,0,1,1,0,0
0,9,32,16,1,1,1,0,1,1,0,0
0,10,32,16,1,1,1,0,1,1,0,0
0,11,17,16,1,1,1,0,1,1,0,0
0,2,29,16,1,1,1,0,1,1,0,0
0,23,16,16,1,1,1,0,1,1,0,0
0,3,27,16,1,1,1,0,1,1,0,0
0,10,16,16,1,1,1,0,1,1,0,0
0,10,30,16,1,1,1,0,1,1,0,0
0,15,10,16,1,1,1,0,1,1,0,0
0,23,15,16,1,1,1,0,1,1,0,0
0,3,28,16,1,1,1,0,1,1,0,0
0,6,37,16,1,1,1,0,1,1,0,0
0,11,31,16,1,1,1,0,1,1,0,0
0,6,27,16,1,1,1,0,1,1,0,0
0,8,28,16,1,1,1,0,1,1,0,0
0,8,29,16,1,1,1,0,1,1,0,0
0,9,26,16,1,1,1,0,1,1,0,0
0,12,30,16,1,1,1,0,1,1,0,0
0,15,9,16,1,1,1,0,1,1,0,0
0,24,15,16,1,1,1,0,1,1,0,0
0,8,25,16,1,1,1,0,1,1,0,0
0,1,29,16,1,1,1,0,1,1,0,0
0,8,30,16,1,1,1,0,1,1,0,0
0,10,25,16,1,1,1,0,1,1,0,0
0,11,27,16,1,1,1,0,1,1,0,0
0,12,29,16,1,1,1,0,1,1,0,0
0,5,25,16,1,1,1,0,1,1,0,0
0,17,9,16,1,1,1,0,1,1,0,0
0,5,24,16,1,1,1,0,1,1,0,0
0,8,23,16,1,1,1,0,1,1,0,0
0,12,26,16,1,1,1,0,1,1,0,0
0,16,8,16,1,1,1,0,1,1,0,0
0,13,28,16,1,1,1,0,1,1,0,0
0,11,26,16,1,1,1,0,1,1,0,0
0,7,23,16,1,1,1,0,1,1,0,0
0,10,23,16,1,1,1,0,1,1,0,0
0,13,25,16,1,1,1,0,1,1,0,0
0,17,7,16,1,1,1,0,1,1,0,0
0,18,8,16,1,1,1,0,1,1,0,0
0,24,12,16,1,1,1,0,1,1,0,0
0,24,13,16,1,1,1,0,1,1,0,0
0,6,23,16,1,1,1,0,1,1,0,0
0,9,23,16,1,1,1,0,1,1,0,0
0,10,21,16,1,1,1,0,1,1,0,0
0,12,23,16,1,1,1,0,1,1,0,0
0,13,23,16,1,1,1,0,1,1,0,0
0,15,25,16,1,1,1,0,1,1,0,0
0,22,8,16,1,1,1,0,1,1,0,0
0,24,11,16,1,1,1,0,1,1,0,0
0,12,21,16,1,1,1,0,1,1,0,0
0,14,22,16,1,1,1,0,1,1,0,0
0,16,23,16,1,1,1,0,1,1,0,0
0,16,24,16,1,1,1,0,1,1,0,0
0,17,6,16,1,1,1,0,1,1,0,0
0,22,7,16,1,1,1,0,1,1,0,0
0,24,9,16,1,1,1,0,1,1,0,0
0,26,12,16,1,1,1,0,1,1,0,0
0,11,21,16,1,1,1,0,1,1,0,0
0,12,19,16,1,1,1,0,1,1,0,0
0,15,23,16,1,1,1,0,1,1,0,0
0,17,22,16,1,1,1,0,1,1,0,0
0,19,7,16,1,1,1,0,1,1,0,0
0,20,7,16,1,1,1,0,1,1,0,0
0,23,7,16,1,1,1,0,1,1,0,0
0,11,19,16,1,1,1,0,1,1,0,0
0,11,18,16,1,1,1,0,1,1,0,0
0,19,5,16,1,1,1,0,1,1,0,0
0,22,5,16,1,1,1,0,1,1,0,0
0,27,11,16,1,1,1,0,1,1,0,0
0,18,22,16,1,1,1,0,1,1,0,0
0,20,5,16,1,1,1,0,1,1,0,0
0,24,6,16,1,1,1,0,1,1,0,0
0,26,9,16,1,1,1,0,1,1,0,0
0,26,10,16,1,1,1,0,1,1,0,0
0,11,16,16,1,1,1,0,1,1,0,0
0,26,8,16,1,1,1,0,1,1,0,0
0,9,19,16,1,1,1,0,1,1,0,0
0,19,3,16,1,1,1,0,1,1,0,0
0,21,3,16,1,1,1,0,1,1,0,0
0,22,3,16,1,1,1,0,1,1,0,0
0,24,5,16,1,1,1,0,1,1,0,0
0,27,7,16,1,1,1,0,1,1,0,0
0,28,9,16,1,1,1,0,1,1,0,0
0,29,8,16,1,1,1,0,1,1,0,0
0,18,24,16,1,1,1,0,1,1,0,0
0,2,32,17,2,4,1,0,0,1,0,0
0,4,32,17,4,2,1,0,0,1,0,0
0,4,34,17,4,2,1,0,0,1,0,0
0,4,36,17,4,1,1,0,0,1,0,0
0,8,33,17,1,2,1,0,0,1,0,0
0,12,17,17,8,2,1,0,0,1,0,0
0,13,16,17,3,1,1,0,0,1,0,0
0,13,19,17,4,2,1,0,0,1,0,0
0,14,14,17,8,2,1,0,0,1,0,0
0,15,13,17,1,1,1,0,0,1,0,0
0,15,21,17,3,1,1,0,0,1,0,0
0,16,11,17,1,1,1,0,0,1,0,0
0,16,12,17,4,2,1,0,0,1,0,0
0,16,16,17,4,1,1,0,0,1,0,0
0,17,10,17,4,2,1,0,0,1,0,0
0,17,19,17,2,2,1,0,0,1,0,0
0,18,9,17,2,1,1,0,0,1,0,0
0,20,12,17,2,2,1,0,0,1,0,0
0,20,16,17,2,1,1,0,0,1,0,0
0,20,17,17,1,1,1,0,0,1,0,0
0,21,10,17,1,2,1,0,0,1,0,0
0,22,11,17,1,4,1,0,0,1,0,0
0,23,12,17,1,1,1,0,0,1,0,0
0,3,31,17,4,1,1,0,0,1,0,0
0,4,30,17,1,1,1,0,1,1,0,0
0,9,35,17,1,1,1,0,1,1,0,0
0,11,15,17,1,1,1,0,1,1,0,0
0,14,11,17,1,1,1,0,1,1,0,0
0,20,21,17,1,1,1,0,1,1,0,0
0,21,19,17,1,1,1,0,1,1,0,0
0,21,20,17,1,1,1,0,1,1,0,0
0,22,18,17,1,1,1,0,1,1,0,0
0,4,29,17,1,1,1,0,1,1,0,0
0,14,12,17,1,1,1,0,1,1,0,0
0,21,18,17,1,1,1,0,1,1,0,0
0,20,20,17,1,1,1,0,1,1,0,0
0,9,34,17,1,1,1,0,1,1,0,0
0,4,28,17,1,1,1,0,1,1,0,0
0,5,29,17,1,1,1,0,1,1,0,0
0,8,37,17,1,1,1,0,1,1,0,0
0,9,32,17,1,1,1,0,1,1,0,0
0,10,32,17,1,1,1,0,1,1,0,0
0,11,17,17,1,1,1,0,1,1,0,0
0,2,29,17,1,1,1,0,1,1,0,0
0,23,16,17,1,1,1,0,1,1,0,0
0,3,27,17,1,1,1,0,1,1,0,0
0,10,16,17,1,1,1,0,1,1,0,0
0,10,30,17,1,1,1,0,1,1,0,0
0,15,10,17,1,1,1,0,1,1,0,0
0,23,15,17,1,1,1,0,1,1,0,0
0,3,28,17,1,1,1,0,1,1,0,0
0,6,37,17,1,1,1,0,1,1,0,0
0,11,31,17,1,1,1,0,1,1,0,0
0,6,27,17,1,1,1,0,1,1,0,0
0,8,28,17,1,1,1,0,1,1,0,0
0,8,29,17,1,1,1,0,1,1,0,0
0,9,26,17,1,1,1,0,1,1,0,0
0,12,30,17,1,1,1,0,1,1,0,0
0,15,9,17,1,1,1,0,1,1,0,0
0,24,15,17,1,1,1,0,1,1,0,0
0,8,25,17,1,1,1,0,1,1,0,0
0,1,29,17,1,1,1,0,1,1,0,0
0,8,30,17,1,1,1,0,1,1,0,0
0,10,25,17,1,1,1,0,1,1,0,0
0,11,27,17,1,1,1,0,1,1,0,0
0,12,29,17,1,1,1,0,1,1,0,0
0,5,25,17,1,1,1,0,1,1,0,0
0,17,9,17,1,1,1,0,1,1,0,0
0,5,24,17,1,1,1,0,1,1,0,0
0,8,23,17,1,1,1,0,1,1,0,0
0,12,26,17,1,1,1,0,1,1,0,0
0,16,8,17,1,1,1,0,1,1,0,0
0,13,28,17,1,1,1,0,1,1,0,0
0,11,26,17,1,1,1,0,1,1,0,0
0,7,23,17,1,1,1,0,1,1,0,0
0,10,23,17,1,1,1,0,1,1,0,0
0,13,25,17,1,1,1,0,1,1,0,0
0,17,7,17,1,1,1,0,1,1,0,0
0,18,8,17,1,1,1,0,1,1,0,0
0,24,12,17,1,1,1,0,1,1,0,0
0,24,13,17,1,1,1,0,1,1,0,0
0,6,23,17,1,1,1,0,1,1,0,0
0,9,23,17,1,1,1,0,1,1,0,0
0,10,21,17,1,1,1,0,1,1,0,0
0,12,23,17,1,1,1,0,1,1,0,0
0,13,23,17,1,1,1,0,1,1,0,0
0,15,25,17,1,1,1,0,1,1,0,0
0,22,8,17,1,1,1,0,1,1,0,0
0,24,11,17,1,1,1,0,1,1,0,0
0,12,21,17,1,1,1,0,1,1,0,0
0,14,22,17,1,1,1,0,1,1,0,0
0,16,23,17,1,1,1,0,1,1,0,0
0,16,24,17,1,1,1,0,1,1,0,0
0,17,6,17,1,1,1,0,1,1,0,0
0,22,7,17,1,1,1,0,1,1,0,0
0,24,9,17,1,1,1,0,1,1,0,0
0,26,12,17,1,1,1,0,1,1,0,0
0,11,21,17,1,1,1,0,1,1,0,0
0,12,19,17,1,1,1,0,1,1,0,0
0,15,23,17,1,1,1,0,1,1,0,0
0,17,22,17,1,1,1,0,1,1,0,0
0,19,7,17,1,1,1,0,1,1,0,0
0,20,7,17,1,1,1,0,1,1,0,0
0,23,7,17,1,1,1,0,1,1,0,0
0,11,19,17,1,1,1,0,1,1,0,0
0,11,18,17,1,1,1,0,1,1,0,0
0,19,5,17,1,1,1,0,1,1,0,0
0,22,5,17,1,1,1,0,1,1,0,0
0,27,11,17,1,1,1,0,1,1,0,0
0,12,15,17,1,1,1,0,1,1,0,0
0,18,22,17,1,1,1,0,1,1,0,0
0,20,5,17,1,1,1,0,1,1,0,0
0,24,6,17,1,1,1,0,1,1,0,0
0,26,9,17,1,1,1,0,1,1,0,0
0,26,10,17,1,1,1,0,1,1,0,0
0,11,16,17,1,1,1,0,1,1,0,0
0,12,14,17,1,1,1,0,1,1,0,0
0,26,8,17,1,1,1,0,1,1,0,0
0,14,13,17,1,1,1,0,1,1,0,0
0,9,19,17,1,1,1,0,1,1,0,0
0,19,3,17,1,1,1,0,1,1,0,0
0,21,3,17,1,1,1,0,1,1,0,0
0,22,3,17,1,1,1,0,1,1,0,0
0,24,5,17,1,1,1,0,1,1,0,0
0,27,7,17,1,1,1,0,1,1,0,0
0,28,9,17,1,1,1,0,1,1,0,0
0,29,8,17,1,1,1,0,1,1,0,0
0,18,24,17,1,1,1,0,1,1,0,0
0,3,31,18,1,4,1,0,0,1,0,0
0,4,31,18,2,1,1,0,0,1,0,0
0,4,32,18,2,4,1,0,0,1,0,0
0,6,32,18,1,1,1,0,0,1,0,0
0,6,33,18,3,1,1,0,0,1,0,0
0,6,34,18,2,2,1,0,0,1,0,0
0,8,34,18,1,1,1,0,0,1,0,0
0,13,16,18,2,4,1,0,0,1,0,0
0,13,20,18,2,1,1,0,0,1,0,0
0,14,15,18,1,1,1,0,0,1,0,0
0,15,13,18,2,8,1,0,0,1,0,0
0,15,21,18,3,1,1,0,0,1,0,0
0,16,12,18,1,1,1,0,0,1,0,0
0,17,11,18,2,8,1,0,0,1,0,0
0,17,19,18,2,2,1,0,0,1,0,0
0,18,9,18,1,2,1,0,0,1,0,0
0,20,17,18,1,1,1,0,0,1,0,0
0,21,10,18,1,1,1,0,0,1,0,0
0,21,11,18,2,4,1,0,0,1,0,0
0,21,15,18,1,2,1,0,0,1,0,0
0,23,12,18,1,1,1,0,0,1,0,0
0,12,17,18,1,3,1,0,0,1,0,0
0,19,9,18,2,8,1,0,0,1,0,0
0,19,17,18,1,3,1,0,0,1,0,0
0,2,33,18,1,1,1,0,1,1,0,0
0,4,30,18,1,1,1,0,1,1,0,0
0,9,35,18,1,1,1,0,1,1,0,0
0,11,15,18,1,1,1,0,1,1,0,0
0,14,11,18,1,1,1,0,1,1,0,0
0,20,21,18,1,1,1,0,1,1,0,0
0,21,19,18,1,1,1,0,1,1,0,0
0,21,20,18,1,1,1,0,1,1,0,0
0,22,18,18,1,1,1,0,1,1,0,0
0,4,29,18,1,1,1,0,1,1,0,0
0,14,12,18,1,1,1,0,1,1,0,0
0,21,18,18,1,1,1,0,1,1,0,0
0,20,20,18,1,1,1,0,1,1,0,0
0,9,34,18,1,1,1,0,1,1,0,0
0,4,28,18,1,1,1,0,1,1,0,0
0,5,29,18,1,1,1,0,1,1,0,0
0,8,37,18,1,1,1,0,1,1,0,0
0,9,32,18,1,1,1,0,1,1,0,0
0,10,32,18,1,1,1,0,1,1,0,0
0,11,17,18,1,1,1,0,1,1,0,0
0,2,29,18,1,1,1,0,1,1,0,0
0,23,16,18,1,1,1,0,1,1,0,0
0,3,27,18,1,1,1,0,1,1,0,0
0,10,16,18,1,1,1,0,1,1,0,0
0,10,30,18,1,1,1,0,1,1,0,0
0,15,10,18,1,1,1,0,1,1,0,0
0,23,15,18,1,1,1,0,1,1,0,0
0,3,28,18,1,1,1,0,1,1,0,0
0,6,37,18,1,1,1,0,1,1,0,0
0,11,31,18,1,1,1,0,1,1,0,0
0,6,27,18,1,1,1,0,1,1,0,0
0,8,28,18,1,1,1,0,1,1,0,0
0,8,29,18,1,1,1,0,1,1,0,0
0,9,26,18,1,1,1,0,1,1,0,0
0,12,30,18,1,1,1,0,1,1,0,0
0,15,9,18,1,1,1,0,1,1,0,0
0,24,15,18,1,1,1,0,1,1,0,0
0,8,25,18,1,1,1,0,1,1,0,0
0,1,29,18,1,1,1,0,1,1,0,0
0,8,30,18,1,1,1,0,1,1,0,0
0,10,25,18,1,1,1,0,1,1,0,0
0,11,27,18,1,1,1,0,1,1,0,0
0,12,29,18,1,1,1,0,1,1,0,0
0,5,25,18,1,1,1,0,1,1,0,0
0,17,9,18,1,1,1,0,1,1,0,0
0,5,24,18,1,1,1,0,1,1,0,0
0,8,23,18,1,1,1,0,1,1,0,0
0,12,26,18,1,1,1,0,1,1,0,0
0,16,8,18,1,1,1,0,1,1,0,0
0,13,28,18,1,1,1,0,1,1,0,0
0,11,26,18,1,1,1,0,1,1,0,0
0,7,23,18,1,1,1,0,1,1,0,0
0,10,23,18,1,1,1,0,1,1,0,0
0,13,25,18,1,1,1,0,1,1,0,0
0,17,7,18,1,1,1,0,1,1,0,0
0,18,8,18,1,1,1,0,1,1,0,0
0,24,12,18,1,1,1,0,1,1,0,0
0,24,13,18,1,1,1,0,1,1,0,0
0,6,23,18,1,1,1,0,1,1,0,0
0,7,32,18,1,1,1,0,1,1,0,0
0,9,23,18,1,1,1,0,1,1,0,0
0,10,21,18,1,1,1,0,1,1,0,0
0,12,23,18,1,1,1,0,1,1,0,0
0,13,23,18,1,1,1,0,1,1,0,0
0,15,25,18,1,1,1,0,1,1,0,0
0,22,8,18,1,1,1,0,1,1,0,0
0,24,11,18,1,1,1,0,1,1,0,0
0,12,21,18,1,1,1,0,1,1,0,0
0,14,22,18,1,1,1,0,1,1,0,0
0,16,23,18,1,1,1,0,1,1,0,0
0,16,24,18,1,1,1,0,1,1,0,0
0,17,6,18,1,1,1,0,1,1,0,0
0,22,7,18,1,1,1,0,1,1,0,0
0,24,9,18,1,1,1,0,1,1,0,0
0,26,12,18,1,1,1,0,1,1,0,0
0,11,21,18,1,1,1,0,1,1,0,0
0,15,23,18,1,1,1,0,1,1,0,0
0,17,22,18,1,1,1,0,1,1,0,0
0,19,7,18,1,1,1,0,1,1,0,0
0,20,7,18,1,1,1,0,1,1,0,0
0,23,7,18,1,1,1,0,1,1,0,0
0,11,19,18,1,1,1,0,1,1,0,0
0,11,18,18,1,1,1,0,1,1,0,0
0,19,5,18,1,1,1,0,1,1,0,0
0,22,5,18,1,1,1,0,1,1,0,0
0,27,11,18,1,1,1,0,1,1,0,0
0,12,15,18,1,1,1,0,1,1,0,0
0,18,22,18,1,1,1,0,1,1,0,0
0,20,5,18,1,1,1,0,1,1,0,0
0,24,6,18,1,1,1,0,1,1,0,0
0,26,9,18,1,1,1,0,1,1,0,0
0,26,10,18,1,1,1,0,1,1,0,0
0,11,16,18,1,1,1,0,1,1,0,0
0,12,14,18,1,1,1,0,1,1,0,0
0,26,8,18,1,1,1,0,1,1,0,0
0,14,13,18,1,1,1,0,1,1,0,0
0,9,19,18,1,1,1,0,1,1,0,0
0,19,3,18,1,1,1,0,1,1,0,0
0,21,3,18,1,1,1,0,1,1,0,0
0,22,3,18,1,1,1,0,1,1,0,0
0,24,5,18,1,1,1,0,1,1,0,0
0,27,7,18,1,1,1,0,1,1,0,0
0,28,9,18,1,1,1,0,1,1,0,0
0,29,8,18,1,1,1,0,1,1,0,0
0,18,24,18,1,1,1,0,1,1,0,0
0,3,33,19,4,2,1,0,0,1,0,0
0,5,35,19,2,1,1,0,0,1,0,0
0,6,32,19,1,1,1,0,0,1,0,0
0,12,18,19,8,2,1,0,0,1,0,0
0,13,17,19,3,1,1,0,0,1,0,0
0,13,20,19,1,1,1,0,0,1,0,0
0,16,17,19,4,1,1,0,0,1,0,0
0,18,9,19,2,4,1,0,0,1,0,0
0,18,20,19,1,1,1,0,0,1,0,0
0,20,9,19,1,1,1,0,0,1,0,0
0,22,11,19,1,4,1,0,0,1,0,0
0,23,12,19,1,1,1,0,0,1,0,0
0,2,31,19,4,2,1,0,0,1,0,0
0,2,33,19,1,1,1,0,0,1,0,0
0,3,29,19,2,2,1,0,0,1,0,0
0,7,33,19,2,4,1,0,0,1,0,0
0,9,33,19,1,3,1,0,0,1,0,0
0,11,15,19,1,1,1,0,0,1,0,0
0,12,13,19,8,2,1,0,0,1,0,0
0,12,15,19,8,2,1,0,0,1,0,0
0,13,12,19,4,1,1,0,0,1,0,0
0,14,11,19,1,1,1,0,0,1,0,0
0,14,20,19,4,2,1,0,0,1,0,0
0,17,10,19,1,3,1,0,0,1,0,0
0,19,20,19,2,2,1,0,0,1,0,0
0,20,10,19,2,8,1,0,0,1,0,0
0,20,18,19,2,2,1,0,0,1,0,0
0,21,20,19,1,1,1,0,0,1,0,0
0,22,17,19,1,2,1,0,0,1,0,0
0,4,28,19,1,1,1,0,1,1,0,0
0,5,29,19,1,1,1,0,1,1,0,0
0,8,37,19,1,1,1,0,1,1,0,0
0,9,32,19,1,1,1,0,1,1,0,0
0,10,32,19,1,1,1,0,1,1,0,0
0,11,17,19,1,1,1,0,1,1,0,0
0,2,29,19,1,1,1,0,1,1,0,0
0,23,16,19,1,1,1,0,1,1,0,0
0,3,27,19,1,1,1,0,1,1,0,0
0,10,16,19,1,1,1,0,1,1,0,0
0,10,30,19,1,1,1,0,1,1,0,0
0,15,10,19,1,1,1,0,1,1,0,0
0,23,15,19,1,1,1,0,1,1,0,0
0,3,28,19,1,1,1,0,1,1,0,0
0,6,37,19,1,1,1,0,1,1,0,0
0,11,31,19,1,1,1,0,1,1,0,0
0,6,27,19,1,1,1,0,1,1,0,0
0,8,28,19,1,1,1,0,1,1,0,0
0,8,29,19,1,1,1,0,1,1,0,0
0,9,26,19,1,1,1,0,1,1,0,0
0,12,30,19,1,1,1,0,1,1,0,0
0,15,9,19,1,1,1,0,1,1,0,0
0,24,15,19,1,1,1,0,1,1,0,0
0,8,25,19,1,1,1,0,1,1,0,0
0,1,29,19,1,1,1,0,1,1,0,0
0,8,30,19,1,1,1,0,1,1,0,0
0,10,25,19,1,1,1,0,1,1,0,0
0,11,27,19,1,1,1,0,1,1,0,0
0,12,29,19,1,1,1,0,1,1,0,0
0,5,25,19,1,1,1,0,1,1,0,0
0,17,9,19,1,1,1,0,1,1,0,0
0,5,24,19,1,1,1,0,1,1,0,0
0,8,23,19,1,1,1,0,1,1,0,0
0,12,26,19,1,1,1,0,1,1,0,0
0,16,8,19,1,1,1,0,1,1,0,0
0,13,28,19,1,1,1,0,1,1,0,0
0,11,26,19,1,1,1,0,1,1,0,0
0,7,23,19,1,1,1,0,1,1,0,0
0,10,23,19,1,1,1,0,1,1,0,0
0,13,25,19,1,1,1,0,1,1,0,0
0,17,7,19,1,1,1,0,1,1,0,0
0,18,8,19,1,1,1,0,1,1,0,0
0,24,12,19,1,1,1,0,1,1,0,0
0,24,13,19,1,1,1,0,1,1,0,0
0,6,23,19,1,1,1,0,1,1,0,0
0,7,32,19,1,1,1,0,1,1,0,0
0,9,23,19,1,1,1,0,1,1,0,0
0,10,21,19,1,1,1,0,1,1,0,0
0,12,23,19,1,1,1,0,1,1,0,0
0,13,23,19,1,1,1,0,1,1,0,0
0,15,25,19,1,1,1,0,1,1,0,0
0,22,8,19,1,1,1,0,1,1,0,0
0,24,11,19,1,1,1,0,1,1,0,0
0,12,21,19,1,1,1,0,1,1,0,0
0,14,22,19,1,1,1,0,1,1,0,0
0,16,23,19,1,1,1,0,1,1,0,0
0,16,24,19,1,1,1,0,1,1,0,0
0,17,6,19,1,1,1,0,1,1,0,0
0,22,7,19,1,1,1,0,1,1,0,0
0,24,9,19,1,1,1,0,1,1,0,0
0,26,12,19,1,1,1,0,1,1,0,0
0,11,21,19,1,1,1,0,1,1,0,0
0,15,23,19,1,1,1,0,1,1,0,0
0,17,22,19,1,1,1,0,1,1,0,0
0,19,7,19,1,1,1,0,1,1,0,0
0,20,7,19,1,1,1,0,1,1,0,0
0,23,7,19,1,1,1,0,1,1,0,0
0,11,19,19,1,1,1,0,1,1,0,0
0,11,18,19,1,1,1,0,1,1,0,0
0,19,5,19,1,1,1,0,1,1,0,0
0,22,5,19,1,1,1,0,1,1,0,0
0,27,11,19,1,1,1,0,1,1,0,0
0,18,22,19,1,1,1,0,1,1,0,0
0,20,5,19,1,1,1,0,1,1,0,0
0,24,6,19,1,1,1,0,1,1,0,0
0,26,9,19,1,1,1,0,1,1,0,0
0,26,10,19,1,1,1,0,1,1,0,0
0,11,16,19,1,1,1,0,1,1,0,0
0,26,8,19,1,1,1,0,1,1,0,0
0,9,19,19,1,1,1,0,1,1,0,0
0,19,3,19,1,1,1,0,1,1,0,0
0,21,3,19,1,1,1,0,1,1,0,0
0,22,3,19,1,1,1,0,1,1,0,0
0,24,5,19,1,1,1,0,1,1,0,0
0,27,7,19,1,1,1,0,1,1,0,0
0,28,9,19,1,1,1,0,1,1,0,0
0,29,8,19,1,1,1,0,1,1,0,0
0,18,24,19,1,1,1,0,1,1,0,0
0,3,29,20,2,4,1,0,0,1,0,0
0,5,31,20,1,1,1,0,0,1,0,0
0,5,35,20,1,1,1,0,0,1,0,0
0,12,13,20,1,2,1,0,0,1,0,0
0,13,12,20,2,8,1,0,0,1,0,0
0,13,20,20,1,1,1,0,0,1,0,0
0,14,20,20,2,2,1,0,0,1,0,0
0,15,12,20,2,8,1,0,0,1,0,0
0,17,10,20,2,8,1,0,0,1,0,0
0,18,9,20,1,1,1,0,0,1,0,0
0,19,9,20,2,8,1,0,0,1,0,0
0,19,17,20,2,4,1,0,0,1,0,0
0,20,21,20,1,1,1,0,0,1,0,0
0,21,10,20,1,1,1,0,0,1,0,0
0,21,11,20,2,4,1,0,0,1,0,0
0,21,15,20,1,1,1,0,0,1,0,0
0,21,16,20,1,4,1,0,0,1,0,0
0,21,20,20,1,1,1,0,0,1,0,0
0,22,18,20,1,1,1,0,0,1,0,0
0,23,12,20,1,1,1,0,0,1,0,0
0,1,29,20,2,4,1,0,0,1,0,0
0,1,33,20,2,1,1,0,0,1,0,0
0,3,33,20,8,2,1,0,0,1,0,0
0,4,28,20,1,1,1,0,0,1,0,0
0,5,28,20,1,2,1,0,0,1,0,0
0,5,32,20,3,1,1,0,0,1,0,0
0,6,35,20,4,2,1,0,0,1,0,0
0,7,37,20,2,1,1,0,0,1,0,0
0,9,31,20,1,2,1,0,0,1,0,0
0,10,32,20,1,1,1,0,0,1,0,0
0,11,15,20,2,2,1,0,0,1,0,0
0,11,17,20,1,1,1,0,0,1,0,0
0,12,17,20,1,3,1,0,0,1,0,0
0,14,11,20,2,1,1,0,0,1,0,0
0,16,20,20,1,3,1,0,0,1,0,0
0,17,18,20,2,4,1,0,0,1,0,0
0,19,21,20,1,2,1,0,0,1,0,0
0,22,16,20,2,2,1,0,0,1,0,0
0,3,27,20,1,1,1,0,1,1,0,0
0,10,16,20,1,1,1,0,1,1,0,0
0,10,30,20,1,1,1,0,1,1,0,0
0,15,10,20,1,1,1,0,1,1,0,0
0,23,15,20,1,1,1,0,1,1,0,0
0,3,28,20,1,1,1,0,1,1,0,0
0,6,37,20,1,1,1,0,1,1,0,0
0,11,31,20,1,1,1,0,1,1,0,0
0,6,27,20,1,1,1,0,1,1,0,0
0,8,28,20,1,1,1,0,1,1,0,0
0,8,29,20,1,1,1,0,1,1,0,0
0,9,26,20,1,1,1,0,1,1,0,0
0,12,30,20,1,1,1,0,1,1,0,0
0,15,9,20,1,1,1,0,1,1,0,0
0,24,15,20,1,1,1,0,1,1,0,0
0,8,25,20,1,1,1,0,1,1,0,0
0,8,30,20,1,1,1,0,1,1,0,0
0,10,25,20,1,1,1,0,1,1,0,0
0,11,27,20,1,1,1,0,1,1,0,0
0,12,29,20,1,1,1,0,1,1,0,0
0,5,25,20,1,1,1,0,1,1,0,0
0,17,9,20,1,1,1,0,1,1,0,0
0,5,24,20,1,1,1,0,1,1,0,0
0,8,23,20,1,1,1,0,1,1,0,0
0,12,26,20,1,1,1,0,1,1,0,0
0,16,8,20,1,1,1,0,1,1,0,0
0,13,28,20,1,1,1,0,1,1,0,0
0,11,26,20,1,1,1,0,1,1,0,0
0,7,23,20,1,1,1,0,1,1,0,0
0,10,23,20,1,1,1,0,1,1,0,0
0,13,25,20,1,1,1,0,1,1,0,0
0,17,7,20,1,1,1,0,1,1,0,0
0,18,8,20,1,1,1,0,1,1,0,0
0,24,12,20,1,1,1,0,1,1,0,0
0,24,13,20,1,1,1,0,1,1,0,0
0,6,23,20,1,1,1,0,1,1,0,0
0,9,23,20,1,1,1,0,1,1,0,0
0,10,21,20,1,1,1,0,1,1,0,0
0,12,23,20,1,1,1,0,1,1,0,0
0,13,23,20,1,1,1,0,1,1,0,0
0,15,25,20,1,1,1,0,1,1,0,0
0,22,8,20,1,1,1,0,1,1,0,0
0,24,11,20,1,1,1,0,1,1,0,0
0,12,21,20,1,1,1,0,1,1,0,0
0,14,22,20,1,1,1,0,1,1,0,0
0,16,23,20,1,1,1,0,1,1,0,0
0,16,24,20,1,1,1,0,1,1,0,0
0,17,6,20,1,1,1,0,1,1,0,0
0,22,7,20,1,1,1,0,1,1,0,0
0,24,9,20,1,1,1,0,1,1,0,0
0,26,12,20,1,1,1,0,1,1,0,0
0,11,21,20,1,1,1,0,1,1,0,0
0,15,23,20,1,1,1,0,1,1,0,0
0,17,22,20,1,1,1,0,1,1,0,0
0,19,7,20,1,1,1,0,1,1,0,0
0,20,7,20,1,1,1,0,1,1,0,0
0,23,7,20,1,1,1,0,1,1,0,0
0,11,19,20,1,1,1,0,1,1,0,0
0,11,18,20,1,1,1,0,1,1,0,0
0,19,5,20,1,1,1,0,1,1,0,0
0,22,5,20,1,1,1,0,1,1,0,0
0,27,11,20,1,1,1,0,1,1,0,0
0,18,22,20,1,1,1,0,1,1,0,0
0,20,5,20,1,1,1,0,1,1,0,0
0,24,6,20,1,1,1,0,1,1,0,0
0,26,9,20,1,1,1,0,1,1,0,0
0,26,10,20,1,1,1,0,1,1,0,0
0,26,8,20,1,1,1,0,1,1,0,0
0,9,19,20,1,1,1,0,1,1,0,0
0,19,3,20,1,1,1,0,1,1,0,0
0,21,3,20,1,1,1,0,1,1,0,0
0,22,3,20,1,1,1,0,1,1,0,0
0,24,5,20,1,1,1,0,1,1,0,0
0,27,7,20,1,1,1,0,1,1,0,0
0,28,9,20,1,1,1,0,1,1,0,0
0,29,8,20,1,1,1,0,1,1,0,0
0,18,24,20,1,1,1,0,1,1,0,0
0,1,29,21,4,2,1,0,0,1,0,0
0,3,33,21,1,1,1,0,0,1,0,0
0,4,33,21,4,2,1,0,0,1,0,0
0,5,35,21,1,1,1,0,0,1,0,0
0,6,35,21,4,2,1,0,0,1,0,0
0,8,34,21,3,1,1,0,0,1,0,0
0,11,15,21,1,3,1,0,0,1,0,0
0,12,13,21,8,2,1,0,0,1,0,0
0,12,15,21,4,1,1,0,0,1,0,0
0,12,16,21,4,2,1,0,0,1,0,0
0,12,18,21,8,2,1,0,0,1,0,0
0,13,12,21,1,1,1,0,0,1,0,0
0,13,20,21,1,1,1,0,0,1,0,0
0,14,20,21,2,2,1,0,0,1,0,0
0,16,15,21,4,1,1,0,0,1,0,0
0,16,16,21,8,2,1,0,0,1,0,0
0,16,20,21,4,2,1,0,0,1,0,0
0,18,9,21,2,2,1,0,0,1,0,0
0,20,10,21,2,1,1,0,0,1,0,0
0,20,13,21,2,1,1,0,0,1,0,0
0,20,14,21,2,2,1,0,0,1,0,0
0,20,18,21,2,2,1,0,0,1,0,0
0,20,20,21,2,1,1,0,0,1,0,0
0,20,21,21,1,1,1,0,0,1,0,0
0,22,11,21,1,1,1,0,0,1,0,0
0,22,18,21,1,1,1,0,0,1,0,0
0,23,12,21,1,1,1,0,0,1,0,0
0,0,31,21,8,2,1,0,0,1,0,0
0,1,33,21,2,2,1,0,0,1,0,0
0,2,28,21,3,1,1,0,0,1,0,0
0,3,27,21,1,1,1,0,0,1,0,0
0,5,27,21,2,2,1,0,0,1,0,0
0,5,29,21,1,2,1,0,0,1,0,0
0,6,37,21,3,1,1,0,0,1,0,0
0,8,32,21,4,2,1,0,0,1,0,0
0,9,31,21,3,1,1,0,0,1,0,0
0,10,16,21,1,1,1,0,0,1,0,0
0,10,30,21,1,1,1,0,0,1,0,0
0,14,10,21,2,1,1,0,0,1,0,0
0,14,11,21,8,2,1,0,0,1,0,0
0,15,22,21,2,1,1,0,0,1,0,0
0,18,22,21,2,1,1,0,0,1,0,0
0,22,12,21,1,4,1,0,0,1,0,0
0,23,15,21,1,1,1,0,0,1,0,0
0,8,28,21,1,1,1,0,1,1,0,0
0,8,29,21,1,1,1,0,1,1,0,0
0,9,26,21,1,1,1,0,1,1,0,0
0,12,30,21,1,1,1,0,1,1,0,0
0,15,9,21,1,1,1,0,1,1,0,0
0,24,15,21,1,1,1,0,1,1,0,0
0,8,25,21,1,1,1,0,1,1,0,0
0,8,30,21,1,1,1,0,1,1,0,0
0,10,25,21,1,1,1,0,1,1,0,0
0,11,27,21,1,1,1,0,1,1,0,0
0,12,29,21,1,1,1,0,1,1,0,0
0,5,25,21,1,1,1,0,1,1,0,0
0,17,9,21,1,1,1,0,1,1,0,0
0,5,24,21,1,1,1,0,1,1,0,0
0,8,23,21,1,1,1,0,1,1,0,0
0,12,26,21,1,1,1,0,1,1,0,0
0,16,8,21,1,1,1,0,1,1,0,0
0,13,28,21,1,1,1,0,1,1,0,0
0,11,26,21,1,1,1,0,1,1,0,0
0,7,23,21,1,1,1,0,1,1,0,0
0,10,23,21,1,1,1,0,1,1,0,0
0,13,25,21,1,1,1,0,1,1,0,0
0,17,7,21,1,1,1,0,1,1,0,0
0,18,8,21,1,1,1,0,1,1,0,0
0,24,12,21,1,1,1,0,1,1,0,0
0,24,13,21,1,1,1,0,1,1,0,0
0,6,23,21,1,1,1,0,1,1,0,0
0,9,23,21,1,1,1,0,1,1,0,0
0,10,21,21,1,1,1,0,1,1,0,0
0,12,23,21,1,1,1,0,1,1,0,0
0,13,23,21,1,1,1,0,1,1,0,0
0,15,25,21,1,1,1,0,1,1,0,0
0,22,8,21,1,1,1,0,1,1,0,0
0,24,11,21,1,1,1,0,1,1,0,0
0,12,21,21,1,1,1,0,1,1,0,0
0,14,22,21,1,1,1,0,1,1,0,0
0,16,23,21,1,1,1,0,1,1,0,0
0,16,24,21,1,1,1,0,1,1,0,0
0,17,6,21,1,1,1,0,1,1,0,0
0,22,7,21,1,1,1,0,1,1,0,0
0,24,9,21,1,1,1,0,1,1,0,0
0,26,12,21,1,1,1,0,1,1,0,0
0,11,21,21,1,1,1,0,1,1,0,0
0,15,23,21,1,1,1,0,1,1,0,0
0,17,22,21,1,1,1,0,1,1,0,0
0,19,7,21,1,1,1,0,1,1,0,0
0,20,7,21,1,1,1,0,1,1,0,0
0,23,7,21,1,1,1,0,1,1,0,0
0,11,19,21,1,1,1,0,1,1,0,0
0,11,18,21,1,1,1,0,1,1,0,0
0,19,5,21,1,1,1,0,1,1,0,0
0,22,5,21,1,1,1,0,1,1,0,0
0,27,11,21,1,1,1,0,1,1,0,0
0,20,5,21,1,1,1,0,1,1,0,0
0,24,6,21,1,1,1,0,1,1,0,0
0,26,9,21,1,1,1,0,1,1,0,0
0,26,10,21,1,1,1,0,1,1,0,0
0,26,8,21,1,1,1,0,1,1,0,0
0,9,19,21,1,1,1,0,1,1,0,0
0,19,3,21,1,1,1,0,1,1,0,0
0,21,3,21,1,1,1,0,1,1,0,0
0,22,3,21,1,1,1,0,1,1,0,0
0,24,5,21,1,1,1,0,1,1,0,0
0,27,7,21,1,1,1,0,1,1,0,0
0,28,9,21,1,1,1,0,1,1,0,0
0,29,8,21,1,1,1,0,1,1,0,0
0,18,24,21,1,1,1,0,1,1,0,0
0,0,31,22,1,2,1,0,0,1,0,0
0,1,30,22,2,4,1,0,0,1,0,0
0,2,28,22,1,2,1,0,0,1,0,0
0,5,28,22,1,2,1,0,0,1,0,0
0,5,32,22,1,4,1,0,0,1,0,0
0,6,28,22,1,1,1,0,0,1,0,0
0,6,32,22,2,4,1,0,0,1,0,0
0,6,36,22,2,2,1,0,0,1,0,0
0,7,31,22,1,1,1,0,0,1,0,0
0,8,32,22,2,4,1,0,0,1,0,0
0,8,36,22,1,2,1,0,0,1,0,0
0,9,36,22,1,1,1,0,0,1,0,0
0,10,32,22,2,2,1,0,0,1,0,0
0,10,34,22,1,1,1,0,0,1,0,0
0,11,15,22,1,1,1,0,0,1,0,0
0,11,31,22,1,1,1,0,0,1,0,0
0,13,12,22,1,1,1,0,0,1,0,0
0,14,10,22,2,8,1,0,0,1,0,0
0,14,18,22,8,2,1,0,0,1,0,0
0,14,20,22,2,2,1,0,0,1,0,0
0,15,22,22,2,1,1,0,0,1,0,0
0,16,20,22,4,2,1,0,0,1,0,0
0,18,9,22,2,8,1,0,0,1,0,0
0,18,17,22,2,1,1,0,0,1,0,0
0,18,22,22,2,1,1,0,0,1,0,0
0,20,10,22,2,8,1,0,0,1,0,0
0,20,20,22,1,2,1,0,0,1,0,0
0,21,20,22,1,1,1,0,0,1,0,0
0,22,11,22,1,3,1,0,0,1,0,0
0,22,18,22,1,1,1,0,0,1,0,0
0,23,12,22,1,1,1,0,0,1,0,0
0,1,34,22,4,1,1,0,0,1,0,0
0,3,26,22,2,8,1,0,0,1,0,0
0,5,26,22,2,2,1,0,0,1,0,0
0,5,30,22,2,2,1,0,0,1,0,0
0,7,25,22,2,4,1,0,0,1,0,0
0,8,29,22,1,1,1,0,0,1,0,0
0,9,26,22,1,1,1,0,0,1,0,0
0,9,28,22,2,4,1,0,0,1,0,0
0,10,16,22,2,2,1,0,0,1,0,0
0,11,29,22,2,2,1,0,0,1,0,0
0,12,13,22,2,8,1,0,0,1,0,0
0,15,9,22,1,1,1,0,0,1,0,0
0,16,10,22,2,8,1,0,0,1,0,0
0,22,14,22,2,4,1,0,0,1,0,0
0,24,15,22,1,1,1,0,0,1,0,0
0,1,29,22,1,1,1,0,1,1,0,0
0,8,30,22,1,1,1,0,1,1,0,0
0,10,25,22,1,1,1,0,1,1,0,0
0,11,27,22,1,1,1,0,1,1,0,0
0,5,25,22,1,1,1,0,1,1,0,0
0,17,9,22,1,1,1,0,1,1,0,0
0,5,24,22,1,1,1,0,1,1,0,0
0,8,23,22,1,1,1,0,1,1,0,0
0,12,26,22,1,1,1,0,1,1,0,0
0,16,8,22,1,1,1,0,1,1,0,0
0,13,28,22,1,1,1,0,1,1,0,0
0,11,26,22,1,1,1,0,1,1,0,0
0,7,23,22,1,1,1,0,1,1,0,0
0,10,23,22,1,1,1,0,1,1,0,0
0,13,25,22,1,1,1,0,1,1,0,0
0,17,7,22,1,1,1,0,1,1,0,0
0,18,8,22,1,1,1,0,1,1,0,0
0,24,12,22,1,1,1,0,1,1,0,0
0,24,13,22,1,1,1,0,1,1,0,0
0,6,23,22,1,1,1,0,1,1,0,0
0,9,23,22,1,1,1,0,1,1,0,0
0,10,21,22,1,1,1,0,1,1,0,0
0,12,23,22,1,1,1,0,1,1,0,0
0,13,23,22,1,1,1,0,1,1,0,0
0,15,25,22,1,1,1,0,1,1,0,0
0,22,8,22,1,1,1,0,1,1,0,0
0,24,11,22,1,1,1,0,1,1,0,0
0,12,21,22,1,1,1,0,1,1,0,0
0,14,22,22,1,1,1,0,1,1,0,0
0,16,23,22,1,1,1,0,1,1,0,0
0,16,24,22,1,1,1,0,1,1,0,0
0,17,6,22,1,1,1,0,1,1,0,0
0,22,7,22,1,1,1,0,1,1,0,0
0,24,9,22,1,1,1,0,1,1,0,0
0,26,12,22,1,1,1,0,1,1,0,0
0,11,21,22,1,1,1,0,1,1,0,0
0,15,23,22,1,1,1,0,1,1,0,0
0,17,22,22,1,1,1,0,1,1,0,0
0,19,7,22,1,1,1,0,1,1,0,0
0,20,7,22,1,1,1,0,1,1,0,0
0,23,7,22,1,1,1,0,1,1,0,0
0,11,19,22,1,1,1,0,1,1,0,0
0,11,18,22,1,1,1,0,1,1,0,0
0,19,5,22,1,1,1,0,1,1,0,0
0,22,5,22,1,1,1,0,1,1,0,0
0,27,11,22,1,1,1,0,1,1,0,0
0,20,5,22,1,1,1,0,1,1,0,0
0,24,6,22,1,1,1,0,1,1,0,0
0,26,9,22,1,1,1,0,1,1,0,0
0,26,10,22,1,1,1,0,1,1,0,0
0,26,8,22,1,1,1,0,1,1,0,0
0,9,19,22,1,1,1,0,1,1,0,0
0,19,3,22,1,1,1,0,1,1,0,0
0,21,3,22,1,1,1,0,1,1,0,0
0,22,3,22,1,1,1,0,1,1,0,0
0,24,5,22,1,1,1,0,1,1,0,0
0,27,7,22,1,1,1,0,1,1,0,0
0,28,9,22,1,1,1,0,1,1,0,0
0,29,8,22,1,1,1,0,1,1,0,0
0,18,24,22,1,1,1,0,1,1,0,0
0,0,31,23,8,2,1,0,0,1,0,0
0,1,30,23,4,1,1,0,0,1,0,0
0,1,33,23,8,2,1,0,0,1,0,0
0,3,26,23,1,2,1,0,0,1,0,0
0,4,26,23,4,2,1,0,0,1,0,0
0,5,30,23,2,1,1,0,0,1,0,0
0,5,35,23,1,1,1,0,0,1,0,0
0,6,35,23,4,2,1,0,0,1,0,0
0,6,37,23,3,1,1,0,0,1,0,0
0,8,32,23,1,1,1,0,0,1,0,0
0,9,30,23,1,4,1,0,0,1,0,0
0,9,34,23,2,1,1,0,0,1,0,0
0,10,16,23,2,2,1,0,0,1,0,0
0,10,32,23,2,2,1,0,0,1,0,0
0,11,15,23,1,1,1,0,0,1,0,0
0,12,13,23,1,1,1,0,0,1,0,0
0,12,14,23,4,2,1,0,0,1,0,0
0,12,16,23,4,2,1,0,0,1,0,0
0,12,18,23,8,2,1,0,0,1,0,0
0,12,20,23,2,1,1,0,0,1,0,0
0,13,12,23,8,2,1,0,0,1,0,0
0,14,10,23,8,2,1,0,0,1,0,0
0,14,20,23,2,2,1,0,0,1,0,0
0,15,9,23,1,1,1,0,0,1,0,0
0,15,22,23,2,1,1,0,0,1,0,0
0,16,14,23,8,2,1,0,0,1,0,0
0,16,16,23,8,2,1,0,0,1,0,0
0,16,20,23,4,2,1,0,0,1,0,0
0,18,22,23,2,1,1,0,0,1,0,0
0,20,18,23,2,2,1,0,0,1,0,0
0,20,20,23,2,1,1,0,0,1,0,0
0,20,21,23,1,1,1,0,0,1,0,0
0,21,12,23,2,2,1,0,0,1,0,0
0,22,11,23,1,1,1,0,0,1,0,0
0,22,18,23,1,1,1,0,0,1,0,0
0,23,12,23,1,1,1,0,0,1,0,0
0,1,29,23,1,1,1,0,0,1,0,0
0,2,28,23,8,2,1,0,0,1,0,0
0,4,25,23,4,1,1,0,0,1,0,0
0,8,24,23,2,4,1,0,0,1,0,0
0,8,30,23,1,1,1,0,0,1,0,0
0,10,25,23,1,1,1,0,0,1,0,0
0,10,27,23,2,1,1,0,0,1,0,0
0,10,28,23,2,4,1,0,0,1,0,0
0,12,28,23,1,3,1,0,0,1,0,0
0,16,9,23,4,1,1,0,0,1,0,0
0,24,14,23,1,2,1,0,0,1,0,0
0,5,24,23,1,1,1,0,1,1,0,0
0,8,23,23,1,1,1,0,1,1,0,0
0,12,26,23,1,1,1,0,1,1,0,0
0,16,8,23,1,1,1,0,1,1,0,0
0,13,28,23,1,1,1,0,1,1,0,0
0,11,26,23,1,1,1,0,1,1,0,0
0,7,23,23,1,1,1,0,1,1,0,0
0,10,23,23,1,1,1,0,1,1,0,0
0,13,25,23,1,1,1,0,1,1,0,0
0,17,7,23,1,1,1,0,1,1,0,0
0,18,8,23,1,1,1,0,1,1,0,0
0,24,12,23,1,1,1,0,1,1,0,0
0,24,13,23,1,1,1,0,1,1,0,0
0,6,23,23,1,1,1,0,1,1,0,0
0,9,23,23,1,1,1,0,1,1,0,0
0,10,21,23,1,1,1,0,1,1,0,0
0,12,23,23,1,1,1,0,1,1,0,0
0,13,23,23,1,1,1,0,1,1,0,0
0,15,25,23,1,1,1,0,1,1,0,0
0,22,8,23,1,1,1,0,1,1,0,0
0,24,11,23,1,1,1,0,1,1,0,0
0,12,21,23,1,1,1,0,1,1,0,0
0,14,22,23,1,1,1,0,1,1,0,0
0,16,23,23,1,1,1,0,1,1,0,0
0,16,24,23,1,1,1,0,1,1,0,0
0,17,6,23,1,1,1,0,1,1,0,0
0,22,7,23,1,1,1,0,1,1,0,0
0,24,9,23,1,1,1,0,1,1,0,0
0,26,12,23,1,1,1,0,1,1,0,0
0,11,21,23,1,1,1,0,1,1,0,0
0,15,23,23,1,1,1,0,1,1,0,0
0,17,22,23,1,1,1,0,1,1,0,0
0,19,7,23,1,1,1,0,1,1,0,0
0,20,7,23,1,1,1,0,1,1,0,0
0,23,7,23,1,1,1,0,1,1,0,0
0,11,19,23,1,1,1,0,1,1,0,0
0,11,18,23,1,1,1,0,1,1,0,0
0,19,5,23,1,1,1,0,1,1,0,0
0,22,5,23,1,1,1,0,1,1,0,0
0,27,11,23,1,1,1,0,1,1,0,0
0,20,5,23,1,1,1,0,1,1,0,0
0,24,6,23,1,1,1,0,1,1,0,0
0,26,9,23,1,1,1,0,1,1,0,0
0,26,10,23,1,1,1,0,1,1,0,0
0,26,8,23,1,1,1,0,1,1,0,0
0,9,19,23,1,1,1,0,1,1,0,0
0,19,3,23,1,1,1,0,1,1,0,0
0,21,3,23,1,1,1,0,1,1,0,0
0,22,3,23,1,1,1,0,1,1,0,0
0,24,5,23,1,1,1,0,1,1,0,0
0,27,7,23,1,1,1,0,1,1,0,0
0,28,9,23,1,1,1,0,1,1,0,0
0,29,8,23,1,1,1,0,1,1,0,0
0,18,24,23,1,1,1,0,1,1,0,0
0,0,31,24,2,2,1,0,0,1,0,0
0,1,29,24,1,2,1,0,0,1,0,0
0,1,33,24,1,2,1,0,0,1,0,0
0,2,28,24,2,4,1,0,0,1,0,0
0,2,32,24,2,2,1,0,0,1,0,0
0,2,34,24,1,1,1,0,0,1,0,0
0,3,27,24,1,1,1,0,0,1,0,0
0,4,25,24,2,8,1,0,0,1,0,0
0,4,33,24,2,2,1,0,0,1,0,0
0,5,35,24,1,1,1,0,0,1,0,0
0,6,32,24,2,4,1,0,0,1,0,0
0,6,36,24,2,2,1,0,0,1,0,0
0,8,32,24,2,4,1,0,0,1,0,0
0,8,36,24,1,2,1,0,0,1,0,0
0,9,36,24,1,1,1,0,0,1,0,0
0,10,16,24,1,1,1,0,0,1,0,0
0,10,28,24,2,4,1,0,0,1,0,0
0,10,32,24,1,3,1,0,0,1,0,0
0,11,15,24,1,3,1,0,0,1,0,0
0,11,33,24,1,1,1,0,0,1,0,0
0,12,13,24,2,8,1,0,0,1,0,0
0,12,29,24,1,2,1,0,0,1,0,0
0,13,12,24,1,1,1,0,0,1,0,0
0,14,10,24,2,8,1,0,0,1,0,0
0,14,18,24,8,2,1,0,0,1,0,0
0,14,20,24,2,2,1,0,0,1,0,0
0,15,9,24,1,1,1,0,0,1,0,0
0,15,22,24,2,1,1,0,0,1,0,0
0,16,9,24,2,8,1,0,0,1,0,0
0,16,17,24,4,1,1,0,0,1,0,0
0,16,20,24,4,2,1,0,0,1,0,0
0,18,9,24,2,8,1,0,0,1,0,0
0,18,22,24,2,1,1,0,0,1,0,0
0,20,10,24,2,8,1,0,0,1,0,0
0,20,20,24,1,2,1,0,0,1,0,0
0,21,20,24,1,1,1,0,0,1,0,0
0,22,11,24,1,1,1,0,0,1,0,0
0,22,16,24,2,2,1,0,0,1,0,0
0,22,18,24,1,1,1,0,0,1,0,0
0,5,24,24,1,1,1,0,0,1,0,0
0,6,24,24,2,8,1,0,0,1,0,0
0,8,23,24,1,1,1,0,0,1,0,0
0,8,24,24,2,8,1,0,0,1,0,0
0,10,25,24,2,1,1,0,0,1,0,0
0,10,26,24,2,2,1,0,0,1,0,0
0,12,26,24,1,1,1,0,0,1,0,0
0,12,27,24,2,2,1,0,0,1,0,0
0,16,8,24,1,1,1,0,0,1,0,0
0,22,12,24,2,4,1,0,0,1,0,0
0,24,13,24,1,3,1,0,0,1,0,0
0,7,23,24,1,1,1,0,1,1,0,0
0,10,23,24,1,1,1,0,1,1,0,0
0,13,25,24,1,1,1,0,1,1,0,0
0,17,7,24,1,1,1,0,1,1,0,0
0,18,8,24,1,1,1,0,1,1,0,0
0,24,12,24,1,1,1,0,1,1,0,0
0,6,23,24,1,1,1,0,1,1,0,0
0,9,23,24,1,1,1,0,1,1,0,0
0,10,21,24,1,1,1,0,1,1,0,0
0,12,23,24,1,1,1,0,1,1,0,0
0,13,23,24,1,1,1,0,1,1,0,0
0,15,25,24,1,1,1,0,1,1,0,0
0,22,8,24,1,1,1,0,1,1,0,0
0,24,11,24,1,1,1,0,1,1,0,0
0,12,21,24,1,1,1,0,1,1,0,0
0,14,22,24,1,1,1,0,1,1,0,0
0,16,23,24,1,1,1,0,1,1,0,0
0,16,24,24,1,1,1,0,1,1,0,0
0,17,6,24,1,1,1,0,1,1,0,0
0,22,7,24,1,1,1,0,1,1,0,0
0,24,9,24,1,1,1,0,1,1,0,0
0,26,12,24,1,1,1,0,1,1,0,0
0,11,21,24,1,1,1,0,1,1,0,0
0,15,23,24,1,1,1,0,1,1,0,0
0,17,22,24,1,1,1,0,1,1,0,0
0,19,7,24,1,1,1,0,1,1,0,0
0,20,7,24,1,1,1,0,1,1,0,0
0,23,7,24,1,1,1,0,1,1,0,0
0,11,19,24,1,1,1,0,1,1,0,0
0,11,18,24,1,1,1,0,1,1,0,0
0,19,5,24,1,1,1,0,1,1,0,0
0,22,5,24,1,1,1,0,1,1,0,0
0,27,11,24,1,1,1,0,1,1,0,0
0,20,5,24,1,1,1,0,1,1,0,0
0,24,6,24,1,1,1,0,1,1,0,0
0,26,9,24,1,1,1,0,1,1,0,0
0,26,10,24,1,1,1,0,1,1,0,0
0,26,8,24,1,1,1,0,1,1,0,0
0,9,19,24,1,1,1,0,1,1,0,0
0,19,3,24,1,1,1,0,1,1,0,0
0,21,3,24,1,1,1,0,1,1,0,0
0,22,3,24,1,1,1,0,1,1,0,0
0,24,5,24,1,1,1,0,1,1,0,0
0,27,7,24,1,1,1,0,1,1,0,0
0,28,9,24,1,1,1,0,1,1,0,0
0,29,8,24,1,1,1,0,1,1,0,0
0,18,24,24,1,1,1,0,1,1,0,0
0,1,29,25,8,2,1,0,0,1,0,0
0,1,31,25,4,2,1,0,0,1,0,0
0,1,33,25,2,1,1,0,0,1,0,0
0,2,28,25,2,1,1,0,0,1,0,0
0,4,25,25,1,1,1,0,0,1,0,0
0,4,28,25,4,1,1,0,0,1,0,0
0,5,32,25,1,1,1,0,0,1,0,0
0,5,33,25,2,1,1,0,0,1,0,0
0,6,36,25,1,1,1,0,0,1,0,0
0,7,31,25,1,1,1,0,0,1,0,0
0,7,33,25,4,2,1,0,0,1,0,0
0,7,35,25,2,2,1,0,0,1,0,0
0,7,37,25,2,1,1,0,0,1,0,0
0,8,28,25,1,1,1,0,0,1,0,0
0,8,31,25,2,2,1,0,0,1,0,0
0,9,28,25,4,2,1,0,0,1,0,0
0,9,30,25,1,1,1,0,0,1,0,0
0,9,35,25,1,2,1,0,0,1,0,0
0,10,30,25,2,2,1,0,0,1,0,0
0,10,32,25,1,1,1,0,0,1,0,0
0,11,15,25,1,3,1,0,0,1,0,0
0,12,13,25,2,1,1,0,0,1,0,0
0,12,14,25,4,2,1,0,0,1,0,0
0,12,16,25,4,2,1,0,0,1,0,0
0,12,18,25,8,2,1,0,0,1,0,0
0,12,30,25,1,1,1,0,0,1,0,0
0,13,12,25,1,1,1,0,0,1,0,0
0,13,20,25,1,1,1,0,0,1,0,0
0,13,28,25,1,1,1,0,0,1,0,0
0,14,10,25,8,2,1,0,0,1,0,0
0,14,12,25,2,2,1,0,0,1,0,0
0,14,20,25,2,2,1,0,0,1,0,0
0,15,9,25,1,1,1,0,0,1,0,0
0,16,12,25,8,2,1,0,0,1,0,0
0,16,14,25,8,2,1,0,0,1,0,0
0,16,16,25,8,2,1,0,0,1,0,0
0,16,20,25,4,2,1,0,0,1,0,0
0,16,22,25,1,1,1,0,0,1,0,0
0,18,9,25,2,1,1,0,0,1,0,0
0,19,22,25,1,1,1,0,0,1,0,0
0,20,18,25,2,2,1,0,0,1,0,0
0,20,20,25,2,1,1,0,0,1,0,0
0,20,21,25,1,1,1,0,0,1,0,0
0,22,11,25,1,1,1,0,0,1,0,0
0,22,18,25,1,1,1,0,0,1,0,0
0,24,15,25,1,1,1,0,0,1,0,0
0,3,26,25,8,2,1,0,0,1,0,0
0,5,23,25,3,1,1,0,0,1,0,0
0,5,24,25,8,2,1,0,0,1,0,0
0,8,22,25,2,2,1,0,0,1,0,0
0,10,23,25,1,1,1,0,0,1,0,0
0,11,26,25,4,2,1,0,0,1,0,0
0,13,25,25,1,1,1,0,0,1,0,0
0,16,7,25,2,1,1,0,0,1,0,0
0,16,8,25,2,2,1,0,0,1,0,0
0,18,8,25,1,1,1,0,0,1,0,0
0,24,12,25,1,1,1,0,0,1,0,0
0,24,13,25,2,2,1,0,0,1,0,0
0,7,32,25,1,1,1,0,1,1,0,0
0,10,21,25,1,1,1,0,1,1,0,0
0,12,23,25,1,1,1,0,1,1,0,0
0,13,23,25,1,1,1,0,1,1,0,0
0,15,25,25,1,1,1,0,1,1,0,0
0,22,8,25,1,1,1,0,1,1,0,0
0,24,11,25,1,1,1,0,1,1,0,0
0,12,21,25,1,1,1,0,1,1,0,0
0,14,22,25,1,1,1,0,1,1,0,0
0,16,23,25,1,1,1,0,1,1,0,0
0,16,24,25,1,1,1,0,1,1,0,0
0,17,6,25,1,1,1,0,1,1,0,0
0,22,7,25,1,1,1,0,1,1,0,0
0,24,9,25,1,1,1,0,1,1,0,0
0,26,12,25,1,1,1,0,1,1,0,0
0,11,21,25,1,1,1,0,1,1,0,0
0,15,23,25,1,1,1,0,1,1,0,0
0,17,22,25,1,1,1,0,1,1,0,0
0,19,7,25,1,1,1,0,1,1,0,0
0,20,7,25,1,1,1,0,1,1,0,0
0,23,7,25,1,1,1,0,1,1,0,0
0,11,19,25,1,1,1,0,1,1,0,0
0,11,18,25,1,1,1,0,1,1,0,0
0,19,5,25,1,1,1,0,1,1,0,0
0,22,5,25,1,1,1,0,1,1,0,0
0,27,11,25,1,1,1,0,1,1,0,0
0,18,22,25,1,1,1,0,1,1,0,0
0,20,5,25,1,1,1,0,1,1,0,0
0,24,6,25,1,1,1,0,1,1,0,0
0,26,9,25,1,1,1,0,1,1,0,0
0,26,10,25,1,1,1,0,1,1,0,0
0,26,8,25,1,1,1,0,1,1,0,0
0,9,19,25,1,1,1,0,1,1,0,0
0,19,3,25,1,1,1,0,1,1,0,0
0,21,3,25,1,1,1,0,1,1,0,0
0,22,3,25,1,1,1,0,1,1,0,0
0,24,5,25,1,1,1,0,1,1,0,0
0,27,7,25,1,1,1,0,1,1,0,0
0,28,9,25,1,1,1,0,1,1,0,0
0,29,8,25,1,1,1,0,1,1,0,0
0,18,24,25,1,1,1,0,1,1,0,0
0,1,29,26,1,2,1,0,0,1,0,0
0,2,28,26,2,4,1,0,0,1,0,0
0,2,32,26,1,2,1,0,0,1,0,0
0,3,26,26,1,2,1,0,0,1,0,0
0,3,32,26,1,1,1,0,0,1,0,0
0,4,25,26,1,1,1,0,0,1,0,0
0,4,26,26,2,2,1,0,0,1,0,0
0,5,23,26,1,3,1,0,0,1,0,0
0,7,34,26,2,2,1,0,0,1,0,0
0,7,36,26,2,1,1,0,0,1,0,0
0,8,24,26,2,8,1,0,0,1,0,0
0,8,32,26,2,2,1,0,0,1,0,0
0,9,34,26,1,1,1,0,0,1,0,0
0,10,24,26,2,8,1,0,0,1,0,0
0,10,32,26,1,2,1,0,0,1,0,0
0,11,15,26,2,2,1,0,0,1,0,0
0,12,13,26,1,2,1,0,0,1,0,0
0,12,18,26,1,2,1,0,0,1,0,0
0,12,28,26,1,3,1,0,0,1,0,0
0,13,12,26,2,8,1,0,0,1,0,0
0,13,28,26,1,1,1,0,0,1,0,0
0,14,10,26,2,2,1,0,0,1,0,0
0,14,20,26,1,1,1,0,0,1,0,0
0,15,9,26,1,1,1,0,0,1,0,0
0,15,12,26,1,4,1,0,0,1,0,0
0,15,16,26,1,1,1,0,0,1,0,0
0,15,17,26,8,2,1,0,0,1,0,0
0,15,19,26,4,2,1,0,0,1,0,0
0,15,21,26,3,1,1,0,0,1,0,0
0,16,8,26,2,8,1,0,0,1,0,0
0,16,16,26,4,1,1,0,0,1,0,0
0,19,19,26,2,2,1,0,0,1,0,0
0,19,21,26,2,1,1,0,0,1,0,0
0,20,16,26,2,1,1,0,0,1,0,0
0,21,19,26,1,2,1,0,0,1,0,0
0,23,17,26,1,1,1,0,0,1,0,0
0,24,14,26,1,2,1,0,0,1,0,0
0,25,14,26,1,1,1,0,0,1,0,0
0,4,28,26,2,4,1,0,0,1,0,0
0,6,22,26,2,2,1,0,0,1,0,0
0,6,24,26,2,8,1,0,0,1,0,0
0,7,32,26,1,1,1,0,0,1,0,0
0,8,22,26,4,2,1,0,0,1,0,0
0,9,21,26,2,1,1,0,0,1,0,0
0,12,22,26,1,2,1,0,0,1,0,0
0,12,24,26,2,4,1,0,0,1,0,0
0,13,23,26,1,1,1,0,0,1,0,0
0,14,24,26,1,4,1,0,0,1,0,0
0,15,25,26,1,1,1,0,0,1,0,0
0,16,7,26,3,1,1,0,0,1,0,0
0,18,8,26,2,8,1,0,0,1,0,0
0,20,8,26,2,8,1,0,0,1,0,0
0,22,8,26,1,1,1,0,0,1,0,0
0,22,9,26,2,8,1,0,0,1,0,0
0,24,11,26,1,1,1,0,0,1,0,0
0,24,12,26,2,2,1,0,0,1,0,0
0,12,21,26,1,1,1,0,1,1,0,0
0,14,22,26,1,1,1,0,1,1,0,0
0,16,23,26,1,1,1,0,1,1,0,0
0,16,24,26,1,1,1,0,1,1,0,0
0,17,6,26,1,1,1,0,1,1,0,0
0,22,7,26,1,1,1,0,1,1,0,0
0,24,9,26,1,1,1,0,1,1,0,0
0,26,12,26,1,1,1,0,1,1,0,0
0,11,21,26,1,1,1,0,1,1,0,0
0,15,23,26,1,1,1,0,1,1,0,0
0,17,22,26,1,1,1,0,1,1,0,0
0,19,7,26,1,1,1,0,1,1,0,0
0,20,7,26,1,1,1,0,1,1,0,0
0,23,7,26,1,1,1,0,1,1,0,0
0,11,19,26,1,1,1,0,1,1,0,0
0,11,18,26,1,1,1,0,1,1,0,0
0,19,5,26,1,1,1,0,1,1,0,0
0,22,5,26,1,1,1,0,1,1,0,0
0,27,11,26,1,1,1,0,1,1,0,0
0,18,22,26,1,1,1,0,1,1,0,0
0,20,5,26,1,1,1,0,1,1,0,0
0,24,6,26,1,1,1,0,1,1,0,0
0,26,9,26,1,1,1,0,1,1,0,0
0,26,10,26,1,1,1,0,1,1,0,0
0,26,8,26,1,1,1,0,1,1,0,0
0,9,19,26,1,1,1,0,1,1,0,0
0,19,3,26,1,1,1,0,1,1,0,0
0,21,3,26,1,1,1,0,1,1,0,0
0,22,3,26,1,1,1,0,1,1,0,0
0,24,5,26,1,1,1,0,1,1,0,0
0,27,7,26,1,1,1,0,1,1,0,0
0,28,9,26,1,1,1,0,1,1,0,0
0,29,8,26,1,1,1,0,1,1,0,0
0,18,24,26,1,1,1,0,1,1,0,0
0,2,28,27,8,2,1,0,0,1,0,0
0,3,26,27,8,2,1,0,0,1,0,0
0,3,30,27,8,2,1,0,0,1,0,0
0,4,25,27,1,1,1,0,0,1,0,0
0,5,23,27,1,3,1,0,0,1,0,0
0,6,24,27,2,2,1,0,0,1,0,0
0,8,32,27,2,2,1,0,0,1,0,0
0,8,34,27,2,1,1,0,0,1,0,0
0,8,35,27,1,1,1,0,0,1,0,0
0,9,21,27,1,1,1,0,0,1,0,0
0,10,28,27,2,2,1,0,0,1,0,0
0,10,32,27,1,2,1,0,0,1,0,0
0,11,26,27,4,2,1,0,0,1,0,0
0,11,30,27,1,2,1,0,0,1,0,0
0,12,13,27,2,1,1,0,0,1,0,0
0,12,14,27,2,2,1,0,0,1,0,0
0,12,28,27,1,3,1,0,0,1,0,0
0,13,12,27,1,1,1,0,0,1,0,0
0,13,16,27,1,3,1,0,0,1,0,0
0,13,28,27,1,1,1,0,0,1,0,0
0,14,10,27,2,8,1,0,0,1,0,0
0,14,18,27,8,2,1,0,0,1,0,0
0,15,9,27,1,1,1,0,0,1,0,0
0,16,10,27,8,2,1,0,0,1,0,0
0,16,12,27,8,2,1,0,0,1,0,0
0,16,14,27,8,2,1,0,0,1,0,0
0,16,16,27,8,2,1,0,0,1,0,0
0,16,20,27,4,1,1,0,0,1,0,0
0,17,21,27,1,1,1,0,0,1,0,0
0,20,20,27,2,1,1,0,0,1,0,0
0,22,18,27,1,1,1,0,0,1,0,0
0,24,15,27,1,1,1,0,0,1,0,0
0,6,22,27,8,2,1,0,0,1,0,0
0,6,32,27,2,1,1,0,0,1,0,0
0,8,24,27,8,2,1,0,0,1,0,0
0,10,20,27,2,2,1,0,0,1,0,0
0,12,21,27,1,1,1,0,0,1,0,0
0,14,22,27,1,1,1,0,0,1,0,0
0,14,23,27,3,1,1,0,0,1,0,0
0,16,7,27,4,1,1,0,0,1,0,0
0,16,8,27,8,2,1,0,0,1,0,0
0,16,24,27,1,1,1,0,0,1,0,0
0,17,6,27,1,1,1,0,0,1,0,0
0,21,7,27,2,1,1,0,0,1,0,0
0,24,9,27,1,1,1,0,0,1,0,0
0,24,11,27,2,4,1,0,0,1,0,0
0,26,12,27,1,1,1,0,0,1,0,0
0,12,19,27,1,1,1,0,1,1,0,0
0,14,20,27,1,1,1,0,1,1,0,0
0,17,22,27,1,1,1,0,1,1,0,0
0,20,7,27,1,1,1,0,1,1,0,0
0,23,7,27,1,1,1,0,1,1,0,0
0,11,19,27,1,1,1,0,1,1,0,0
0,11,18,27,1,1,1,0,1,1,0,0
0,19,5,27,1,1,1,0,1,1,0,0
0,22,5,27,1,1,1,0,1,1,0,0
0,27,11,27,1,1,1,0,1,1,0,0
0,13,19,27,1,1,1,0,1,1,0,0
0,18,22,27,1,1,1,0,1,1,0,0
0,20,5,27,1,1,1,0,1,1,0,0
0,20,21,27,1,1,1,0,1,1,0,0
0,24,6,27,1,1,1,0,1,1,0,0
0,26,9,27,1,1,1,0,1,1,0,0
0,26,10,27,1,1,1,0,1,1,0,0
0,11,16,27,1,1,1,0,1,1,0,0
0,26,8,27,1,1,1,0,1,1,0,0
0,9,19,27,1,1,1,0,1,1,0,0
0,19,3,27,1,1,1,0,1,1,0,0
0,21,3,27,1,1,1,0,1,1,0,0
0,22,3,27,1,1,1,0,1,1,0,0
0,24,5,27,1,1,1,0,1,1,0,0
0,27,7,27,1,1,1,0,1,1,0,0
0,28,9,27,1,1,1,0,1,1,0,0
0,29,8,27,1,1,1,0,1,1,0,0
0,18,24,27,1,1,1,0,1,1,0,0
0,3,26,28,1,2,1,0,0,1,0,0
0,3,30,28,1,1,1,0,0,1,0,0
0,4,25,28,2,4,1,0,0,1,0,0
0,4,29,28,2,2,1,0,0,1,0,0
0,5,23,28,1,2,1,0,0,1,0,0
0,5,31,28,1,1,1,0,0,1,0,0
0,6,22,28,4,2,1,0,0,1,0,0
0,6,24,28,2,8,1,0,0,1,0,0
0,6,32,28,2,1,1,0,0,1,0,0
0,8,24,28,2,8,1,0,0,1,0,0
0,8,32,28,2,2,1,0,0,1,0,0
0,9,21,28,1,1,1,0,0,1,0,0
0,10,20,28,2,4,1,0,0,1,0,0
0,10,24,28,2,8,1,0,0,1,0,0
0,10,32,28,1,2,1,0,0,1,0,0
0,12,13,28,2,2,1,0,0,1,0,0
0,12,28,28,1,3,1,0,0,1,0,0
0,13,12,28,1,1,1,0,0,1,0,0
0,13,15,28,1,2,1,0,0,1,0,0
0,13,28,28,1,1,1,0,0,1,0,0
0,14,10,28,2,8,1,0,0,1,0,0
0,14,25,28,1,3,1,0,0,1,0,0
0,15,9,28,1,1,1,0,0,1,0,0
0,15,18,28,2,1,1,0,0,1,0,0
0,15,25,28,1,1,1,0,0,1,0,0
0,16,7,28,1,1,1,0,0,1,0,0
0,16,8,28,2,8,1,0,0,1,0,0
0,16,16,28,8,2,1,0,0,1,0,0
0,17,6,28,1,2,1,0,0,1,0,0
0,17,18,28,4,2,1,0,0,1,0,0
0,18,8,28,2,8,1,0,0,1,0,0
0,20,8,28,2,8,1,0,0,1,0,0
0,20,20,28,1,1,1,0,0,1,0,0
0,21,18,28,1,3,1,0,0,1,0,0
0,22,8,28,2,8,1,0,0,1,0,0
0,22,18,28,1,1,1,0,0,1,0,0
0,24,14,28,1,2,1,0,0,1,0,0
0,25,14,28,1,1,1,0,0,1,0,0
0,9,19,28,4,1,1,0,0,1,0,0
0,12,20,28,2,8,1,0,0,1,0,0
0,14,20,28,1,1,1,0,0,1,0,0
0,14,21,28,2,4,1,0,0,1,0,0
0,16,22,28,1,3,1,0,0,1,0,0
0,17,22,28,1,1,1,0,0,1,0,0
0,18,6,28,2,2,1,0,0,1,0,0
0,20,7,28,1,1,1,0,0,1,0,0
0,21,6,28,2,2,1,0,0,1,0,0
0,23,7,28,1,1,1,0,0,1,0,0
0,24,8,28,1,2,1,0,0,1,0,0
0,24,10,28,2,4,1,0,0,1,0,0
0,26,11,28,1,2,1,0,0,1,0,0
0,11,18,28,1,1,1,0,1,1,0,0
0,15,19,28,1,1,1,0,1,1,0,0
0,19,5,28,1,1,1,0,1,1,0,0
0,22,5,28,1,1,1,0,1,1,0,0
0,27,11,28,1,1,1,0,1,1,0,0
0,12,15,28,1,1,1,0,1,1,0,0
0,13,19,28,1,1,1,0,1,1,0,0
0,18,22,28,1,1,1,0,1,1,0,0
0,18,20,28,1,1,1,0,1,1,0,0
0,20,5,28,1,1,1,0,1,1,0,0
0,20,21,28,1,1,1,0,1,1,0,0
0,24,6,28,1,1,1,0,1,1,0,0
0,26,9,28,1,1,1,0,1,1,0,0
0,26,10,28,1,1,1,0,1,1,0,0
0,11,16,28,1,1,1,0,1,1,0,0
0,26,8,28,1,1,1,0,1,1,0,0
0,19,3,28,1,1,1,0,1,1,0,0
0,21,3,28,1,1,1,0,1,1,0,0
0,22,3,28,1,1,1,0,1,1,0,0
0,24,5,28,1,1,1,0,1,1,0,0
0,27,7,28,1,1,1,0,1,1,0,0
0,28,9,28,1,1,1,0,1,1,0,0
0,29,8,28,1,1,1,0,1,1,0,0
0,18,24,28,1,1,1,0,1,1,0,0
0,4,25,29,2,1,1,0,0,1,0,0
0,4,26,29,1,1,1,0,0,1,0,0
0,4,28,29,8,2,1,0,0,1,0,0
0,5,23,29,3,1,1,0,0,1,0,0
0,5,24,29,1,1,1,0,0,1,0,0
0,5,26,29,8,2,1,0,0,1,0,0
0,6,24,29,2,2,1,0,0,1,0,0
0,6,30,29,2,1,1,0,0,1,0,0
0,7,31,29,1,1,1,0,0,1,0,0
0,8,22,29,8,2,1,0,0,1,0,0
0,8,24,29,8,2,1,0,0,1,0,0
0,8,30,29,4,2,1,0,0,1,0,0
0,9,19,29,3,1,1,0,0,1,0,0
0,9,32,29,2,1,1,0,0,1,0,0
0,12,13,29,4,2,1,0,0,1,0,0
0,12,28,29,1,3,1,0,0,1,0,0
0,13,12,29,3,1,1,0,0,1,0,0
0,13,26,29,2,2,1,0,0,1,0,0
0,13,28,29,1,1,1,0,0,1,0,0
0,14,10,29,2,2,1,0,0,1,0,0
0,14,15,29,1,1,1,0,0,1,0,0
0,15,9,29,1,1,1,0,0,1,0,0
0,16,7,29,2,1,1,0,0,1,0,0
0,16,8,29,8,2,1,0,0,1,0,0
0,16,10,29,8,2,1,0,0,1,0,0
0,16,12,29,8,2,1,0,0,1,0,0
0,16,14,29,8,2,1,0,0,1,0,0
0,16,22,29,1,3,1,0,0,1,0,0
0,17,6,29,1,1,1,0,0,1,0,0
0,17,16,29,3,1,1,0,0,1,0,0
0,18,6,29,2,2,1,0,0,1,0,0
0,19,17,29,1,2,1,0,0,1,0,0
0,20,16,29,4,2,1,0,0,1,0,0
0,20,18,29,2,2,1,0,0,1,0,0
0,22,18,29,1,1,1,0,0,1,0,0
0,24,15,29,1,1,1,0,0,1,0,0
0,9,20,29,8,2,1,0,0,1,0,0
0,11,17,29,1,2,1,0,0,1,0,0
0,12,18,29,2,2,1,0,0,1,0,0
0,14,19,29,2,1,1,0,0,1,0,0
0,17,21,29,2,2,1,0,0,1,0,0
0,18,5,29,2,1,1,0,0,1,0,0
0,20,6,29,4,2,1,0,0,1,0,0
0,22,5,29,1,1,1,0,0,1,0,0
0,24,7,29,2,8,1,0,0,1,0,0
0,26,10,29,1,3,1,0,0,1,0,0
0,27,11,29,1,1,1,0,0,1,0,0
0,12,15,29,1,1,1,0,1,1,0,0
0,14,17,29,1,1,1,0,1,1,0,0
0,16,18,29,1,1,1,0,1,1,0,0
0,18,20,29,1,1,1,0,1,1,0,0
0,20,5,29,1,1,1,0,1,1,0,0
0,20,21,29,1,1,1,0,1,1,0,0
0,24,6,29,1,1,1,0,1,1,0,0
0,26,9,29,1,1,1,0,1,1,0,0
0,11,16,29,1,1,1,0,1,1,0,0
0,15,16,29,1,1,1,0,1,1,0,0
0,18,18,29,1,1,1,0,1,1,0,0
0,26,8,29,1,1,1,0,1,1,0,0
0,20,20,29,1,1,1,0,1,1,0,0
0,19,3,29,1,1,1,0,1,1,0,0
0,21,3,29,1,1,1,0,1,1,0,0
0,22,3,29,1,1,1,0,1,1,0,0
0,24,5,29,1,1,1,0,1,1,0,0
0,27,7,29,1,1,1,0,1,1,0,0
0,28,9,29,1,1,1,0,1,1,0,0
0,29,8,29,1,1,1,0,1,1,0,0
0,18,24,29,1,1,1,0,1,1,0,0
0,5,24,30,1,4,1,0,0,1,0,0
0,6,23,30,2,1,1,0,0,1,0,0
0,6,24,30,2,4,1,0,0,1,0,0
0,6,28,30,2,1,1,0,0,1,0,0
0,8,22,30,2,8,1,0,0,1,0,0
0,9,19,30,1,3,1,0,0,1,0,0
0,9,30,30,1,1,1,0,0,1,0,0
0,10,19,30,1,1,1,0,0,1,0,0
0,10,20,30,2,4,1,0,0,1,0,0
0,10,24,30,2,8,1,0,0,1,0,0
0,11,18,30,1,2,1,0,0,1,0,0
0,12,24,30,2,4,1,0,0,1,0,0
0,12,28,30,1,3,1,0,0,1,0,0
0,13,12,30,1,2,1,0,0,1,0,0
0,13,28,30,1,1,1,0,0,1,0,0
0,14,10,30,2,4,1,0,0,1,0,0
0,14,14,30,2,1,1,0,0,1,0,0
0,14,26,30,1,2,1,0,0,1,0,0
0,15,9,30,1,1,1,0,0,1,0,0
0,16,7,30,1,1,1,0,0,1,0,0
0,16,8,30,2,8,1,0,0,1,0,0
0,16,23,30,1,2,1,0,0,1,0,0
0,17,6,30,1,2,1,0,0,1,0,0
0,17,16,30,3,1,1,0,0,1,0,0
0,18,8,30,2,8,1,0,0,1,0,0
0,19,17,30,1,1,1,0,0,1,0,0
0,20,6,30,4,2,1,0,0,1,0,0
0,20,8,30,2,8,1,0,0,1,0,0
0,20,16,30,4,2,1,0,0,1,0,0
0,20,18,30,3,1,1,0,0,1,0,0
0,21,19,30,1,1,1,0,0,1,0,0
0,22,5,30,1,1,1,0,0,1,0,0
0,22,8,30,2,8,1,0,0,1,0,0
0,24,7,30,2,8,1,0,0,1,0,0
0,24,15,30,1,1,1,0,0,1,0,0
0,26,12,30,1,1,1,0,0,1,0,0
0,10,16,30,2,2,1,0,0,1,0,0
0,11,15,30,2,1,1,0,0,1,0,0
0,12,16,30,2,8,1,0,0,1,0,0
0,14,17,30,1,1,1,0,0,1,0,0
0,14,18,30,2,8,1,0,0,1,0,0
0,16,18,30,1,1,1,0,0,1,0,0
0,16,19,30,2,4,1,0,0,1,0,0
0,18,4,30,2,4,1,0,0,1,0,0
0,18,19,30,1,2,1,0,0,1,0,0
0,18,21,30,2,2,1,0,0,1,0,0
0,20,5,30,1,1,1,0,0,1,0,0
0,20,21,30,1,1,1,0,0,1,0,0
0,24,6,30,1,1,1,0,0,1,0,0
0,26,9,30,1,1,1,0,0,1,0,0
0,26,10,30,2,2,1,0,0,1,0,0
0,12,14,30,1,1,1,0,1,1,0,0
0,15,16,30,1,1,1,0,1,1,0,0
0,18,18,30,1,1,1,0,1,1,0,0
0,26,8,30,1,1,1,0,1,1,0,0
0,20,20,30,1,1,1,0,1,1,0,0
0,19,3,30,1,1,1,0,1,1,0,0
0,21,3,30,1,1,1,0,1,1,0,0
0,22,3,30,1,1,1,0,1,1,0,0
0,24,5,30,1,1,1,0,1,1,0,0
0,27,7,30,1,1,1,0,1,1,0,0
0,28,9,30,1,1,1,0,1,1,0,0
0,29,8,30,1,1,1,0,1,1,0,0
0,18,24,30,1,1,1,0,1,1,0,0
0,6,25,31,2,1,1,0,0,1,0,0
0,6,26,31,1,1,1,0,0,1,0,0
0,7,24,31,1,1,1,0,0,1,0,0
0,7,26,31,8,2,1,0,0,1,0,0
0,8,22,31,8,2,1,0,0,1,0,0
0,8,24,31,8,2,1,0,0,1,0,0
0,8,28,31,2,1,1,0,0,1,0,0
0,9,21,31,3,1,1,0,0,1,0,0
0,10,16,31,1,1,1,0,0,1,0,0
0,10,19,31,8,2,1,0,0,1,0,0
0,10,28,31,2,2,1,0,0,1,0,0
0,11,30,31,1,1,1,0,0,1,0,0
0,12,21,31,4,1,1,0,0,1,0,0
0,12,28,31,1,3,1,0,0,1,0,0
0,13,28,31,1,1,1,0,0,1,0,0
0,14,10,31,2,2,1,0,0,1,0,0
0,14,12,31,1,1,1,0,0,1,0,0
0,15,9,31,1,1,1,0,0,1,0,0
0,15,12,31,1,3,1,0,0,1,0,0
0,16,7,31,1,1,1,0,0,1,0,0
0,16,8,31,8,2,1,0,0,1,0,0
0,16,10,31,8,2,1,0,0,1,0,0
0,16,12,31,8,2,1,0,0,1,0,0
0,16,14,31,1,1,1,0,0,1,0,0
0,16,21,31,4,2,1,0,0,1,0,0
0,16,24,31,1,1,1,0,0,1,0,0
0,17,6,31,8,2,1,0,0,1,0,0
0,17,14,31,8,2,1,0,0,1,0,0
0,18,4,31,2,2,1,0,0,1,0,0
0,18,16,31,4,1,1,0,0,1,0,0
0,21,17,31,1,1,1,0,0,1,0,0
0,22,16,31,2,2,1,0,0,1,0,0
0,24,8,31,2,2,1,0,0,1,0,0
0,24,10,31,4,2,1,0,0,1,0,0
0,24,12,31,2,2,1,0,0,1,0,0
0,25,7,31,1,1,1,0,0,1,0,0
0,25,14,31,1,1,1,0,0,1,0,0
0,26,12,31,1,1,1,0,0,1,0,0
0,10,17,31,8,2,1,0,0,1,0,0
0,11,15,31,4,2,1,0,0,1,0,0
0,12,14,31,1,1,1,0,0,1,0,0
0,15,16,31,1,1,1,0,0,1,0,0
0,16,23,31,3,1,1,0,0,1,0,0
0,18,18,31,1,1,1,0,0,1,0,0
0,18,19,31,2,2,1,0,0,1,0,0
0,20,5,31,3,1,1,0,0,1,0,0
0,20,19,31,1,3,1,0,0,1,0,0
0,26,8,31,1,1,1,0,0,1,0,0
0,26,9,31,2,1,1,0,0,1,0,0
0,14,13,31,1,1,1,0,1,1,0,0
0,9,19,31,1,1,1,0,1,1,0,0
0,19,3,31,1,1,1,0,1,1,0,0
0,21,3,31,1,1,1,0,1,1,0,0
0,22,3,31,1,1,1,0,1,1,0,0
0,24,5,31,1,1,1,0,1,1,0,0
0,27,7,31,1,1,1,0,1,1,0,0
0,28,9,31,1,1,1,0,1,1,0,0
0,29,8,31,1,1,1,0,1,1,0,0
0,18,24,31,1,1,1,0,1,1,0,0
0,7,24,32,1,2,1,0,0,1,0,0
0,8,22,32,2,2,1,0,0,1,0,0
0,8,24,32,8,2,1,0,0,1,0,0
0,8,26,32,1,1,1,0,0,1,0,0
0,9,21,32,1,1,1,0,0,1,0,0
0,9,26,32,4,2,1,0,0,1,0,0
0,10,16,32,2,8,1,0,0,1,0,0
0,11,15,32,1,1,1,0,0,1,0,0
0,11,28,32,3,1,1,0,0,1,0,0
0,12,16,32,2,8,1,0,0,1,0,0
0,12,29,32,1,1,1,0,0,1,0,0
0,13,26,32,2,2,1,0,0,1,0,0
0,14,16,32,2,8,1,0,0,1,0,0
0,15,12,32,1,1,1,0,0,1,0,0
0,16,7,32,1,1,1,0,0,1,0,0
0,16,8,32,2,2,1,0,0,1,0,0
0,16,24,32,1,1,1,0,0,1,0,0
0,17,6,32,1,2,1,0,0,1,0,0
0,17,10,32,1,2,1,0,0,1,0,0
0,18,4,32,2,4,1,0,0,1,0,0
0,18,8,32,2,8,1,0,0,1,0,0
0,20,5,32,1,1,1,0,0,1,0,0
0,20,6,32,2,2,1,0,0,1,0,0
0,20,8,32,2,8,1,0,0,1,0,0
0,20,20,32,1,2,1,0,0,1,0,0
0,22,13,32,1,2,1,0,0,1,0,0
0,23,13,32,1,1,1,0,0,1,0,0
0,24,6,32,1,1,1,0,0,1,0,0
0,24,7,32,2,8,1,0,0,1,0,0
0,26,10,32,2,2,1,0,0,1,0,0
0,26,12,32,1,1,1,0,0,1,0,0
0,12,13,32,4,1,1,0,0,1,0,0
0,12,14,32,4,2,1,0,0,1,0,0
0,16,12,32,2,4,1,0,0,1,0,0
0,16,16,32,2,8,1,0,0,1,0,0
0,18,16,32,2,8,1,0,0,1,0,0
0,20,16,32,2,4,1,0,0,1,0,0
0,21,4,32,1,2,1,0,0,1,0,0
0,22,5,32,2,8,1,0,0,1,0,0
0,26,7,32,1,3,1,0,0,1,0,0
0,9,19,32,1,1,1,0,1,1,0,0
0,14,12,32,1,1,1,0,1,1,0,0
0,19,3,32,1,1,1,0,1,1,0,0
0,21,3,32,1,1,1,0,1,1,0,0
0,22,3,32,1,1,1,0,1,1,0,0
0,24,5,32,1,1,1,0,1,1,0,0
0,27,7,32,1,1,1,0,1,1,0,0
0,28,9,32,1,1,1,0,1,1,0,0
0,29,8,32,1,1,1,0,1,1,0,0
0,18,24,32,1,1,1,0,1,1,0,0
0,8,22,33,8,2,1,0,0,1,0,0
0,8,24,33,2,1,1,0,0,1,0,0
0,9,21,33,3,1,1,0,0,1,0,0
0,9,25,33,1,1,1,0,0,1,0,0
0,10,16,33,1,1,1,0,0,1,0,0
0,10,19,33,8,2,1,0,0,1,0,0
0,10,24,33,2,2,1,0,0,1,0,0
0,10,26,33,2,1,1,0,0,1,0,0
0,11,15,33,8,2,1,0,0,1,0,0
0,12,13,33,8,2,1,0,0,1,0,0
0,12,21,33,4,1,1,0,0,1,0,0
0,12,24,33,4,2,1,0,0,1,0,0
0,12,26,33,2,2,1,0,0,1,0,0
0,14,26,33,1,2,1,0,0,1,0,0
0,16,21,33,2,1,1,0,0,1,0,0
0,16,22,33,4,2,1,0,0,1,0,0
0,17,6,33,2,1,1,0,0,1,0,0
0,17,10,33,1,1,1,0,0,1,0,0
0,17,17,33,4,2,1,0,0,1,0,0
0,18,4,33,2,2,1,0,0,1,0,0
0,18,9,33,8,2,1,0,0,1,0,0
0,18,19,33,4,1,1,0,0,1,0,0
0,18,20,33,2,2,1,0,0,1,0,0
0,19,8,33,1,1,1,0,0,1,0,0
0,19,15,33,1,2,1,0,0,1,0,0
0,20,8,33,4,1,1,0,0,1,0,0
0,20,13,33,2,4,1,0,0,1,0,0
0,20,20,33,1,2,1,0,0,1,0,0
0,23,11,33,3,1,1,0,0,1,0,0
0,23,12,33,1,1,1,0,0,1,0,0
0,24,8,33,2,1,1,0,0,1,0,0
0,26,12,33,1,1,1,0,0,1,0,0
0,9,17,33,8,2,1,0,0,1,0,0
0,9,19,33,1,1,1,0,0,1,0,0
0,13,12,33,2,1,1,0,0,1,0,0
0,15,11,33,8,2,1,0,0,1,0,0
0,16,24,33,3,1,1,0,0,1,0,0
0,19,3,33,1,1,1,0,0,1,0,0
0,19,6,33,8,2,1,0,0,1,0,0
0,20,2,33,2,2,1,0,0,1,0,0
0,20,4,33,4,2,1,0,0,1,0,0
0,21,17,33,2,2,1,0,0,1,0,0
0,22,3,33,1,1,1,0,0,1,0,0
0,22,13,33,1,3,1,0,0,1,0,0
0,24,5,33,1,1,1,0,0,1,0,0
0,26,8,33,2,4,1,0,0,1,0,0
0,27,7,33,1,1,1,0,0,1,0,0
0,28,7,33,1,3,1,0,0,1,0,0
0,29,8,33,1,1,1,0,0,1,0,0
0,8,22,34,1,1,1,0,0,1,0,0
0,9,17,34,1,3,1,0,0,1,0,0
0,10,16,34,2,8,1,0,0,1,0,0
0,10,24,34,2,1,1,0,0,1,0,0
0,11,15,34,1,1,1,0,0,1,0,0
0,12,13,34,1,1,1,0,0,1,0,0
0,12,14,34,2,2,1,0,0,1,0,0
0,12,16,34,2,8,1,0,0,1,0,0
0,12,24,34,4,2,1,0,0,1,0,0
0,13,12,34,1,2,1,0,0,1,0,0
0,13,26,34,2,1,1,0,0,1,0,0
0,14,12,34,2,4,1,0,0,1,0,0
0,14,16,34,2,8,1,0,0,1,0,0
0,16,16,34,2,8,1,0,0,1,0,0
0,17,24,34,1,1,1,0,0,1,0,0
0,18,16,34,2,4,1,0,0,1,0,0
0,18,20,34,2,2,1,0,0,1,0,0
0,18,22,34,1,3,1,0,0,1,0,0
0,19,3,34,1,1,1,0,0,1,0,0
0,19,22,34,1,1,1,0,0,1,0,0
0,20,4,34,2,4,1,0,0,1,0,0
