0,13,23,1,1,4,1,0,0,1,0,0
0,13,27,1,2,1,1,0,0,1,0,0
0,13,28,1,4,2,1,0,0,1,0,0
0,14,21,1,1,4,1,0,0,1,0,0
0,14,25,1,1,2,1,0,0,1,0,0
0,14,30,1,4,2,1,0,0,1,0,0
0,15,20,1,2,8,1,0,0,1,0,0
0,17,19,1,2,8,1,0,0,1,0,0
0,17,27,1,2,2,1,0,0,1,0,0
0,17,29,1,1,1,1,0,0,1,0,0
0,17,32,1,2,1,1,0,0,1,0,0
0,18,29,1,4,2,1,0,0,1,0,0
0,18,31,1,3,1,1,0,0,1,0,0
0,19,20,1,2,8,1,0,0,1,0,0
0,19,28,1,4,1,1,0,0,1,0,0
0,21,21,1,1,4,1,0,0,1,0,0
0,21,25,1,1,3,1,0,0,1,0,0
0,22,24,1,1,4,1,0,0,1,0,0
0,12,23,1,1,1,1,0,1,1,0,0
0,13,22,1,1,1,1,0,1,1,0,0
0,17,34,1,1,1,1,0,1,1,0,0
0,18,35,1,1,1,1,0,1,1,0,0
0,21,34,1,1,1,1,0,1,1,0,0
0,22,33,1,1,1,1,0,1,1,0,0
0,22,22,1,1,1,1,0,1,1,0,0
0,23,24,1,1,1,1,0,1,1,0,0
0,11,23,1,1,1,1,0,1,1,0,0
0,12,22,1,1,1,1,0,1,1,0,0
0,13,21,1,1,1,1,0,1,1,0,0
0,22,32,1,1,1,1,0,1,1,0,0
0,22,21,1,1,1,1,0,1,1,0,0
0,23,23,1,1,1,1,0,1,1,0,0
0,20,33,1,1,1,1,0,1,1,0,0
0,20,32,1,1,1,1,0,1,1,0,0
0,15,34,1,1,1,1,0,1,1,0,0
0,15,35,1,1,1,1,0,1,1,0,0
0,14,20,1,1,1,1,0,1,1,0,0
0,15,36,1,1,1,1,0,1,1,0,0
0,18,41,1,1,1,1,0,1,1,0,0
0,18,45,1,1,1,1,0,1,1,0,0
0,19,34,1,1,1,1,0,1,1,0,0
0,21,20,1,1,1,1,0,1,1,0,0
0,22,35,1,1,1,1,0,1,1,0,0
0,21,36,1,1,1,1,0,1,1,0,0
0,23,20,1,1,1,1,0,1,1,0,0
0,24,23,1,1,1,1,0,1,1,0,0
0,9,25,1,1,1,1,0,1,1,0,0
0,9,26,1,1,1,1,0,1,1,0,0
0,12,19,1,1,1,1,0,1,1,0,0
0,22,18,1,1,1,1,0,1,1,0,0
0,11,22,1,1,1,1,0,1,1,0,0
0,12,36,1,1,1,1,0,1,1,0,0
0,13,18,1,1,1,1,0,1,1,0,0
0,14,35,1,1,1,1,0,1,1,0,0
0,18,44,1,1,1,1,0,1,1,0,0
0,24,22,1,1,1,1,0,1,1,0,0
0,21,35,1,1,1,1,0,1,1,0,0
0,23,18,1,1,1,1,0,1,1,0,0
0,23,36,1,1,1,1,0,1,1,0,0
0,9,24,1,1,1,1,0,1,1,0,0
0,9,21,1,1,1,1,0,1,1,0,0
0,11,19,1,1,1,1,0,1,1,0,0
0,17,10,1,1,1,1,0,1,1,0,0
0,20,10,1,1,1,1,0,1,1,0,0
0,22,15,1,1,1,1,0,1,1,0,0
0,10,34,1,1,1,1,0,1,1,0,0
0,11,37,1,1,1,1,0,1,1,0,0
0,15,10,1,1,1,1,0,1,1,0,0
0,16,11,1,1,1,1,0,1,1,0,0
0,17,9,1,1,1,1,0,1,1,0,0
0,8,21,1,1,1,1,0,1,1,0,0
0,10,17,1,1,1,1,0,1,1,0,0
0,10,36,1,1,1,1,0,1,1,0,0
0,16,9,1,1,1,1,0,1,1,0,0
0,14,11,1,1,1,1,0,1,1,0,0
0,22,12,1,1,1,1,0,1,1,0,0
0,24,38,1,1,1,1,0,1,1,0,0
0,25,17,1,1,1,1,0,1,1,0,0
0,11,40,1,1,1,1,0,1,1,0,0
0,20,8,1,1,1,1,0,1,1,0,0
0,10,40,1,1,1,1,0,1,1,0,0
0,16,41,1,1,1,1,0,1,1,0,0
0,15,41,1,1,1,1,0,1,1,0,0
0,38,25,1,8,2,1,0,0,1,0,0
0,38,27,1,4,1,1,0,0,1,0,0
0,38,29,1,4,1,1,0,0,1,0,0
0,40,30,1,8,2,1,0,0,1,0,0
0,40,32,1,8,2,1,0,0,1,0,0
0,40,34,1,8,2,1,0,0,1,0,0
0,41,20,1,1,1,1,0,0,1,0,0
0,41,28,1,1,1,1,0,0,1,0,0
0,42,10,1,4,1,1,0,0,1,0,0
0,42,19,1,4,2,1,0,0,1,0,0
0,42,27,1,8,2,1,0,0,1,0,0
0,42,29,1,4,1,1,0,0,1,0,0
0,42,36,1,4,1,1,0,0,1,0,0
0,43,11,1,4,1,1,0,0,1,0,0
0,44,12,1,3,1,1,0,0,1,0,0
0,46,10,1,2,1,1,0,0,1,0,0
0,46,17,1,1,2,1,0,0,1,0,0
0,46,19,1,2,8,1,0,0,1,0,0
0,46,29,1,4,1,1,0,0,1,0,0
0,46,36,1,2,1,1,0,0,1,0,0
0,47,11,1,1,4,1,0,0,1,0,0
0,47,15,1,1,4,1,0,0,1,0,0
0,48,10,1,2,8,1,0,0,1,0,0
0,48,18,1,1,3,1,0,0,1,0,0
0,48,21,1,3,1,1,0,0,1,0,0
0,48,22,1,1,1,1,0,0,1,0,0
0,48,23,1,1,4,1,0,0,1,0,0
0,48,30,1,2,4,1,0,0,1,0,0
0,48,34,1,2,3,1,0,0,1,0,0
0,49,18,1,8,2,1,0,0,1,0,0
0,49,20,1,1,1,1,0,0,1,0,0
0,49,22,1,2,4,1,0,0,1,0,0
0,49,26,1,2,1,1,0,0,1,0,0
0,50,8,1,2,8,1,0,0,1,0,0
0,50,16,1,4,1,1,0,0,1,0,0
0,50,17,1,1,1,1,0,0,1,0,0
0,50,20,1,4,1,1,0,0,1,0,0
0,50,27,1,1,3,1,0,0,1,0,0
0,50,30,1,8,2,1,0,0,1,0,0
0,50,36,1,4,1,1,0,0,1,0,0
0,51,17,1,4,1,1,0,0,1,0,0
0,51,21,1,2,8,1,0,0,1,0,0
0,51,29,1,2,1,1,0,0,1,0,0
0,53,21,1,4,1,1,0,0,1,0,0
0,53,22,1,1,4,1,0,0,1,0,0
0,53,26,1,1,4,1,0,0,1,0,0
0,54,13,1,1,4,1,0,0,1,0,0
0,54,20,1,4,1,1,0,0,1,0,0
0,54,22,1,2,8,1,0,0,1,0,0
0,37,20,1,4,1,1,0,0,1,0,0
0,37,28,1,4,1,1,0,0,1,0,0
0,38,17,1,8,2,1,0,0,1,0,0
0,38,19,1,4,1,1,0,0,1,0,0
0,38,21,1,8,2,1,0,0,1,0,0
0,38,23,1,8,2,1,0,0,1,0,0
0,38,30,1,2,8,1,0,0,1,0,0
0,39,11,1,4,1,1,0,0,1,0,0
0,39,13,1,8,2,1,0,0,1,0,0
0,39,15,1,8,2,1,0,0,1,0,0
0,39,38,1,1,4,1,0,0,1,0,0
0,40,10,1,1,1,1,0,0,1,0,0
0,40,12,1,4,1,1,0,0,1,0,0
0,40,36,1,2,8,1,0,0,1,0,0
0,41,9,1,1,2,1,0,0,1,0,0
0,42,4,1,1,3,1,0,0,1,0,0
0,42,8,1,8,2,1,0,0,1,0,0
0,42,37,1,2,8,1,0,0,1,0,0
0,43,3,1,1,4,1,0,0,1,0,0
0,44,4,1,1,4,1,0,0,1,0,0
0,44,37,1,2,8,1,0,0,1,0,0
0,45,6,1,4,2,1,0,0,1,0,0
0,46,37,1,2,8,1,0,0,1,0,0
0,46,47,1,2,4,1,0,0,1,0,0
0,48,37,1,2,8,1,0,0,1,0,0
0,48,47,1,2,4,1,0,0,1,0,0
0,49,6,1,2,2,1,0,0,1,0,0
0,50,32,1,8,2,1,0,0,1,0,0
0,50,34,1,8,2,1,0,0,1,0,0
0,50,37,1,2,8,1,0,0,1,0,0
0,51,4,1,1,4,1,0,0,1,0,0
0,52,3,1,1,4,1,0,0,1,0,0
0,52,8,1,2,8,1,0,0,1,0,0
0,52,37,1,2,8,1,0,0,1,0,0
0,53,4,1,1,3,1,0,0,1,0,0
0,54,9,1,1,4,1,0,0,1,0,0
0,54,36,1,2,8,1,0,0,1,0,0
0,55,10,1,1,4,1,0,0,1,0,0
0,55,14,1,2,4,1,0,0,1,0,0
0,56,22,1,2,8,1,0,0,1,0,0
0,56,36,1,1,2,1,0,0,1,0,0
0,56,38,1,1,4,1,0,0,1,0,0
0,41,5,1,1,1,1,0,1,1,0,0
0,43,7,1,1,1,1,0,1,1,0,0
0,49,46,1,1,1,1,0,1,1,0,0
0,52,7,1,1,1,1,0,1,1,0,0
0,54,5,1,1,1,1,0,1,1,0,0
0,58,21,1,1,1,1,0,1,1,0,0
0,48,46,1,1,1,1,0,1,1,0,0
0,39,10,1,1,1,1,0,1,1,0,0
0,44,49,1,1,1,1,0,1,1,0,0
0,44,48,1,1,1,1,0,1,1,0,0
0,57,12,1,1,1,1,0,1,1,0,0
0,68,19,1,8,2,1,0,0,1,0,0
0,68,21,1,4,1,1,0,0,1,0,0
0,68,28,1,8,2,1,0,0,1,0,0
0,68,30,1,4,1,1,0,0,1,0,0
0,69,11,1,1,4,1,0,0,1,0,0
0,69,15,1,8,2,1,0,0,1,0,0
0,69,17,1,8,2,1,0,0,1,0,0
0,69,22,1,8,2,1,0,0,1,0,0
0,69,24,1,8,2,1,0,0,1,0,0
0,69,26,1,8,2,1,0,0,1,0,0
0,69,31,1,8,2,1,0,0,1,0,0
0,69,33,1,4,1,1,0,0,1,0,0
0,69,34,1,4,2,1,0,0,1,0,0
0,70,10,1,1,4,1,0,0,1,0,0
0,70,14,1,4,1,1,0,0,1,0,0
0,71,6,1,2,8,1,0,0,1,0,0
0,71,36,1,1,4,1,0,0,1,0,0
0,72,21,1,4,1,1,0,0,1,0,0
0,72,30,1,4,1,1,0,0,1,0,0
0,72,36,1,1,2,1,0,0,1,0,0
0,72,38,1,1,4,1,0,0,1,0,0
0,73,5,1,1,4,1,0,0,1,0,0
0,73,9,1,1,4,1,0,0,1,0,0
0,73,13,1,1,1,1,0,0,1,0,0
0,73,33,1,8,2,1,0,0,1,0,0
0,73,35,1,2,8,1,0,0,1,0,0
0,74,6,1,2,8,1,0,0,1,0,0
0,74,14,1,3,1,1,0,0,1,0,0
0,75,35,1,1,3,1,0,0,1,0,0
0,75,38,1,1,4,1,0,0,1,0,0
0,75,47,1,1,4,1,0,0,1,0,0
0,76,5,1,2,8,1,0,0,1,0,0
0,76,13,1,4,1,1,0,0,1,0,0
0,76,19,1,1,3,1,0,0,1,0,0
0,76,28,1,1,3,1,0,0,1,0,0
0,76,35,1,2,4,1,0,0,1,0,0
0,76,39,1,1,4,1,0,0,1,0,0
0,76,45,1,2,2,1,0,0,1,0,0
0,77,14,1,2,8,1,0,0,1,0,0
0,77,22,1,3,1,1,0,0,1,0,0
0,77,23,1,2,8,1,0,0,1,0,0
0,77,31,1,4,2,1,0,0,1,0,0
0,77,39,1,8,2,1,0,0,1,0,0
0,77,41,1,8,2,1,0,0,1,0,0
0,77,43,1,4,2,1,0,0,1,0,0
0,78,7,1,4,2,1,0,0,1,0,0
0,78,9,1,1,4,1,0,0,1,0,0
0,78,35,1,3,1,1,0,0,1,0,0
0,78,36,1,8,2,1,0,0,1,0,0
0,78,38,1,3,1,1,0,0,1,0,0
0,78,45,1,4,2,1,0,0,1,0,0
0,79,4,1,4,1,1,0,0,1,0,0
0,79,9,1,8,2,1,0,0,1,0,0
0,79,11,1,8,2,1,0,0,1,0,0
0,79,14,1,2,8,1,0,0,1,0,0
0,79,23,1,1,4,1,0,0,1,0,0
0,79,27,1,1,4,1,0,0,1,0,0
0,80,13,1,1,1,1,0,0,1,0,0
0,80,22,1,8,2,1,0,0,1,0,0
0,80,24,1,8,2,1,0,0,1,0,0
0,80,26,1,8,2,1,0,0,1,0,0
0,80,28,1,2,3,1,0,0,1,0,0
0,81,13,1,2,2,1,0,0,1,0,0
0,81,15,1,8,2,1,0,0,1,0,0
0,81,17,1,8,2,1,0,0,1,0,0
0,81,19,1,1,3,1,0,0,1,0,0
0,81,31,1,8,2,1,0,0,1,0,0
0,81,33,1,4,1,1,0,0,1,0,0
0,81,34,1,8,2,1,0,0,1,0,0
0,81,38,1,4,1,1,0,0,1,0,0
0,82,6,1,2,3,1,0,0,1,0,0
0,82,19,1,8,2,1,0,0,1,0,0
0,82,21,1,4,1,1,0,0,1,0,0
0,82,28,1,8,2,1,0,0,1,0,0
0,82,30,1,4,1,1,0,0,1,0,0
0,83,13,1,4,1,1,0,0,1,0,0
0,83,14,1,1,1,1,0,0,1,0,0
0,84,5,1,1,4,1,0,0,1,0,0
0,84,14,1,4,1,1,0,0,1,0,0
0,85,8,1,1,1,1,0,0,1,0,0
0,85,33,1,4,1,1,0,0,1,0,0
0,86,21,1,4,1,1,0,0,1,0,0
0,86,30,1,4,1,1,0,0,1,0,0
0,87,10,1,1,4,1,0,0,1,0,0
0,88,11,1,1,4,1,0,0,1,0,0
0,75,4,1,4,1,1,0,0,1,0,0
0,76,47,1,2,4,1,0,0,1,0,0
0,78,5,1,4,2,1,0,0,1,0,0
0,78,47,1,2,1,1,0,0,1,0,0
0,80,47,1,3,2,1,0,0,1,0,0
0,80,49,1,2,1,1,0,0,1,0,0
0,80,50,1,3,1,1,0,0,1,0,0
0,85,6,1,2,2,1,0,0,1,0,0
0,85,38,1,1,4,1,0,0,1,0,0
0,86,37,1,1,2,1,0,0,1,0,0
0,70,39,1,1,1,1,0,1,1,0,0
0,75,3,1,1,1,1,0,1,1,0,0
0,83,3,1,1,1,1,0,1,1,0,0
0,86,42,1,1,1,1,0,1,1,0,0
0,87,39,1,1,1,1,0,1,1,0,0
0,79,50,1,1,1,1,0,1,1,0,0
0,87,37,1,1,1,1,0,1,1,0,0
0,70,37,1,1,1,1,0,1,1,0,0
0,71,42,1,1,1,1,0,1,1,0,0
0,77,3,1,1,1,1,0,1,1,0,0
0,79,3,1,1,1,1,0,1,1,0,0
0,80,3,1,1,1,1,0,1,1,0,0
0,86,41,1,1,1,1,0,1,1,0,0
0,68,34,1,1,1,1,0,1,1,0,0
0,88,36,1,1,1,1,0,1,1,0,0
0,74,47,1,1,1,1,0,1,1,0,0
0,82,49,1,1,1,1,0,1,1,0,0
0,83,47,1,1,1,1,0,1,1,0,0
0,74,46,1,1,1,1,0,1,1,0,0
0,83,48,1,1,1,1,0,1,1,0,0
0,72,46,1,1,1,1,0,1,1,0,0
0,85,46,1,1,1,1,0,1,1,0,0
0,88,8,1,1,1,1,0,1,1,0,0
0,107,20,1,1,3,1,0,0,1,0,0
0,109,37,1,2,2,1,0,0,1,0,0
0,108,19,1,2,4,1,0,0,1,0,0
0,108,23,1,4,1,1,0,0,1,0,0
0,110,19,1,2,4,1,0,0,1,0,0
0,112,20,1,1,3,1,0,0,1,0,0
0,110,24,1,1,1,1,0,1,1,0,0
0,110,36,1,1,1,1,0,1,1,0,0
0,111,36,1,1,1,1,0,1,1,0,0
0,12,20,2,1,4,1,0,0,1,0,0
0,13,23,2,1,1,1,0,0,1,0,0
0,14,22,2,1,4,1,0,0,1,0,0
0,14,26,2,1,4,1,0,0,1,0,0
0,14,30,2,1,2,1,0,0,1,0,0
0,15,25,2,1,4,1,0,0,1,0,0
0,15,29,2,1,3,1,0,0,1,0,0
0,16,31,2,4,1,1,0,0,1,0,0
0,17,24,2,2,1,1,0,0,1,0,0
0,20,31,2,1,1,1,0,0,1,0,0
0,21,22,2,1,1,1,0,0,1,0,0
0,12,24,2,2,8,1,0,0,1,0,0
0,13,19,2,1,4,1,0,0,1,0,0
0,13,32,2,8,2,1,0,0,1,0,0
0,14,18,2,1,4,1,0,0,1,0,0
0,14,34,2,4,1,1,0,0,1,0,0
0,15,17,2,2,8,1,0,0,1,0,0
0,16,25,2,8,2,1,0,0,1,0,0
0,16,27,2,8,2,1,0,0,1,0,0
0,16,29,2,8,2,1,0,0,1,0,0
0,17,16,2,2,8,1,0,0,1,0,0
0,17,35,2,2,1,1,0,0,1,0,0
0,18,34,2,4,1,1,0,0,1,0,0
0,19,17,2,2,8,1,0,0,1,0,0
0,21,18,2,1,4,1,0,0,1,0,0
0,21,23,2,2,2,1,0,0,1,0,0
0,21,31,2,2,3,1,0,0,1,0,0
0,22,19,2,1,4,1,0,0,1,0,0
0,23,21,2,1,4,1,0,0,1,0,0
0,11,23,2,1,1,1,0,1,1,0,0
0,15,35,2,1,1,1,0,1,1,0,0
0,15,36,2,1,1,1,0,1,1,0,0
0,18,41,2,1,1,1,0,1,1,0,0
0,18,45,2,1,1,1,0,1,1,0,0
0,22,35,2,1,1,1,0,1,1,0,0
0,21,36,2,1,1,1,0,1,1,0,0
0,23,20,2,1,1,1,0,1,1,0,0
0,24,23,2,1,1,1,0,1,1,0,0
0,9,25,2,1,1,1,0,1,1,0,0
0,9,26,2,1,1,1,0,1,1,0,0
0,12,19,2,1,1,1,0,1,1,0,0
0,22,18,2,1,1,1,0,1,1,0,0
0,11,22,2,1,1,1,0,1,1,0,0
0,12,36,2,1,1,1,0,1,1,0,0
0,13,18,2,1,1,1,0,1,1,0,0
0,14,35,2,1,1,1,0,1,1,0,0
0,18,44,2,1,1,1,0,1,1,0,0
0,24,22,2,1,1,1,0,1,1,0,0
0,21,35,2,1,1,1,0,1,1,0,0
0,23,18,2,1,1,1,0,1,1,0,0
0,23,36,2,1,1,1,0,1,1,0,0
0,9,24,2,1,1,1,0,1,1,0,0
0,9,21,2,1,1,1,0,1,1,0,0
0,11,19,2,1,1,1,0,1,1,0,0
0,17,10,2,1,1,1,0,1,1,0,0
0,20,10,2,1,1,1,0,1,1,0,0
0,22,15,2,1,1,1,0,1,1,0,0
0,10,34,2,1,1,1,0,1,1,0,0
0,11,37,2,1,1,1,0,1,1,0,0
0,15,10,2,1,1,1,0,1,1,0,0
0,16,11,2,1,1,1,0,1,1,0,0
0,17,9,2,1,1,1,0,1,1,0,0
0,8,21,2,1,1,1,0,1,1,0,0
0,10,17,2,1,1,1,0,1,1,0,0
0,10,36,2,1,1,1,0,1,1,0,0
0,16,9,2,1,1,1,0,1,1,0,0
0,14,11,2,1,1,1,0,1,1,0,0
0,22,12,2,1,1,1,0,1,1,0,0
0,24,38,2,1,1,1,0,1,1,0,0
0,25,17,2,1,1,1,0,1,1,0,0
0,11,40,2,1,1,1,0,1,1,0,0
0,20,8,2,1,1,1,0,1,1,0,0
0,10,40,2,1,1,1,0,1,1,0,0
0,16,41,2,1,1,1,0,1,1,0,0
0,15,41,2,1,1,1,0,1,1,0,0
0,38,18,2,8,2,1,0,0,1,0,0
0,38,22,2,8,2,1,0,0,1,0,0
0,38,24,2,8,2,1,0,0,1,0,0
0,38,26,2,4,1,1,0,0,1,0,0
0,38,29,2,4,1,1,0,0,1,0,0
0,38,30,2,2,8,1,0,0,1,0,0
0,39,15,2,4,1,1,0,0,1,0,0
0,39,38,2,1,4,1,0,0,1,0,0
0,40,13,2,8,2,1,0,0,1,0,0
0,40,30,2,8,2,1,0,0,1,0,0
0,40,32,2,8,2,1,0,0,1,0,0
0,40,34,2,8,2,1,0,0,1,0,0
0,40,36,2,2,8,1,0,0,1,0,0
0,41,10,2,8,2,1,0,0,1,0,0
0,41,12,2,4,1,1,0,0,1,0,0
0,42,26,2,4,1,1,0,0,1,0,0
0,42,29,2,3,1,1,0,0,1,0,0
0,42,36,2,4,1,1,0,0,1,0,0
0,42,37,2,2,8,1,0,0,1,0,0
0,43,15,2,4,1,1,0,0,1,0,0
0,44,4,2,1,4,1,0,0,1,0,0
0,44,37,2,2,8,1,0,0,1,0,0
0,45,7,2,4,1,1,0,0,1,0,0
0,45,12,2,3,1,1,0,0,1,0,0
0,45,20,2,1,2,1,0,0,1,0,0
0,45,27,2,1,3,1,0,0,1,0,0
0,46,16,2,1,4,1,0,0,1,0,0
0,46,20,2,4,2,1,0,0,1,0,0
0,46,22,2,2,8,1,0,0,1,0,0
0,46,36,2,2,1,1,0,0,1,0,0
0,46,37,2,8,2,1,0,0,1,0,0
0,46,39,2,8,2,1,0,0,1,0,0
0,46,41,2,8,2,1,0,0,1,0,0
0,46,43,2,8,2,1,0,0,1,0,0
0,47,15,2,1,4,1,0,0,1,0,0
0,47,19,2,1,1,1,0,0,1,0,0
0,48,12,2,8,2,1,0,0,1,0,0
0,48,14,2,1,4,1,0,0,1,0,0
0,48,18,2,1,2,1,0,0,1,0,0
0,48,22,2,2,8,1,0,0,1,0,0
0,48,30,2,2,4,1,0,0,1,0,0
0,48,34,2,2,3,1,0,0,1,0,0
0,49,8,2,1,4,1,0,0,1,0,0
0,49,14,2,8,2,1,0,0,1,0,0
0,49,16,2,1,1,1,0,0,1,0,0
0,49,17,2,8,2,1,0,0,1,0,0
0,49,19,2,1,1,1,0,0,1,0,0
0,50,8,2,4,2,1,0,0,1,0,0
0,50,10,2,4,1,1,0,0,1,0,0
0,50,11,2,3,1,1,0,0,1,0,0
0,50,16,2,4,1,1,0,0,1,0,0
0,50,21,2,4,1,1,0,0,1,0,0
0,50,22,2,8,2,1,0,0,1,0,0
0,50,24,2,8,2,1,0,0,1,0,0
0,50,26,2,4,1,1,0,0,1,0,0
0,50,27,2,1,2,1,0,0,1,0,0
0,50,29,2,8,2,1,0,0,1,0,0
0,50,31,2,8,2,1,0,0,1,0,0
0,50,33,2,4,1,1,0,0,1,0,0
0,50,34,2,8,2,1,0,0,1,0,0
0,50,36,2,4,1,1,0,0,1,0,0
0,51,4,2,1,4,1,0,0,1,0,0
0,54,9,2,1,2,1,0,0,1,0,0
0,54,26,2,4,1,1,0,0,1,0,0
0,54,33,2,4,1,1,0,0,1,0,0
0,54,36,2,2,8,1,0,0,1,0,0
0,55,10,2,1,1,1,0,0,1,0,0
0,56,36,2,1,2,1,0,0,1,0,0
0,56,38,2,1,4,1,0,0,1,0,0
0,37,20,2,8,2,1,0,0,1,0,0
0,37,27,2,8,2,1,0,0,1,0,0
0,38,16,2,8,2,1,0,0,1,0,0
0,39,11,2,1,4,1,0,0,1,0,0
0,40,9,2,1,4,1,0,0,1,0,0
0,41,4,2,1,2,1,0,0,1,0,0
0,41,8,2,8,2,1,0,0,1,0,0
0,42,3,2,2,4,1,0,0,1,0,0
0,43,7,2,1,1,1,0,0,1,0,0
0,45,5,2,4,2,1,0,0,1,0,0
0,45,47,2,2,4,1,0,0,1,0,0
0,46,45,2,4,2,1,0,0,1,0,0
0,47,47,2,4,2,1,0,0,1,0,0
0,47,49,2,4,2,1,0,0,1,0,0
0,49,5,2,2,3,1,0,0,1,0,0
0,50,19,2,8,2,1,0,0,1,0,0
0,51,27,2,8,2,1,0,0,1,0,0
0,52,3,2,2,4,1,0,0,1,0,0
0,52,7,2,1,1,1,0,0,1,0,0
0,53,11,2,4,1,1,0,0,1,0,0
0,54,4,2,1,2,1,0,0,1,0,0
0,54,16,2,4,1,1,0,0,1,0,0
0,54,21,2,4,1,1,0,0,1,0,0
0,58,20,2,1,2,1,0,0,1,0,0
0,39,10,2,1,1,1,0,1,1,0,0
0,44,49,2,1,1,1,0,1,1,0,0
0,44,48,2,1,1,1,0,1,1,0,0
0,57,12,2,1,1,1,0,1,1,0,0
0,68,20,2,3,1,1,0,0,1,0,0
0,68,29,2,4,2,1,0,0,1,0,0
0,69,13,2,8,2,1,0,0,1,0,0
0,69,15,2,8,2,1,0,0,1,0,0
0,69,17,2,4,1,1,0,0,1,0,0
0,69,31,2,2,3,1,0,0,1,0,0
0,69,34,2,8,2,1,0,0,1,0,0
0,70,11,2,4,1,1,0,0,1,0,0
0,71,6,2,8,2,1,0,0,1,0,0
0,71,8,2,4,1,1,0,0,1,0,0
0,71,31,2,1,3,1,0,0,1,0,0
0,71,36,2,1,3,1,0,0,1,0,0
0,72,12,2,4,1,1,0,0,1,0,0
0,72,28,2,1,4,1,0,0,1,0,0
0,72,32,2,1,2,1,0,0,1,0,0
0,73,17,2,4,1,1,0,0,1,0,0
0,73,32,2,8,2,1,0,0,1,0,0
0,74,11,2,3,1,1,0,0,1,0,0
0,74,20,2,1,4,1,0,0,1,0,0
0,74,30,2,1,1,1,0,0,1,0,0
0,75,4,2,4,1,1,0,0,1,0,0
0,75,8,2,4,1,1,0,0,1,0,0
0,75,20,2,1,3,1,0,0,1,0,0
0,76,12,2,1,1,1,0,0,1,0,0
0,76,18,2,1,2,1,0,0,1,0,0
0,76,20,2,1,4,1,0,0,1,0,0
0,76,47,2,2,4,1,0,0,1,0,0
0,77,5,2,4,1,1,0,0,1,0,0
0,77,11,2,8,2,1,0,0,1,0,0
0,77,13,2,3,2,1,0,0,1,0,0
0,77,15,2,1,4,1,0,0,1,0,0
0,77,19,2,1,4,1,0,0,1,0,0
0,77,34,2,4,2,1,0,0,1,0,0
0,77,45,2,4,2,1,0,0,1,0,0
0,78,9,2,2,2,1,0,0,1,0,0
0,78,15,2,2,8,1,0,0,1,0,0
0,78,36,2,2,1,1,0,0,1,0,0
0,78,37,2,2,8,1,0,0,1,0,0
0,79,4,2,4,1,1,0,0,1,0,0
0,79,6,2,8,2,1,0,0,1,0,0
0,79,8,2,3,1,1,0,0,1,0,0
0,80,13,2,1,1,1,0,0,1,0,0
0,80,14,2,1,4,1,0,0,1,0,0
0,80,18,2,1,4,1,0,0,1,0,0
0,80,47,2,2,4,1,0,0,1,0,0
0,81,13,2,8,2,1,0,0,1,0,0
0,81,15,2,8,2,1,0,0,1,0,0
0,81,17,2,4,1,1,0,0,1,0,0
0,81,18,2,1,2,1,0,0,1,0,0
0,81,20,2,1,4,1,0,0,1,0,0
0,81,32,2,4,2,1,0,0,1,0,0
0,81,34,2,8,2,1,0,0,1,0,0
0,82,8,2,4,1,1,0,0,1,0,0
0,82,20,2,1,3,1,0,0,1,0,0
0,83,20,2,1,4,1,0,0,1,0,0
0,83,30,2,1,1,1,0,0,1,0,0
0,85,11,2,4,1,1,0,0,1,0,0
0,85,12,2,1,1,1,0,0,1,0,0
0,85,17,2,4,1,1,0,0,1,0,0
0,85,28,2,1,4,1,0,0,1,0,0
0,85,32,2,1,2,1,0,0,1,0,0
0,86,29,2,4,2,1,0,0,1,0,0
0,86,31,2,1,3,1,0,0,1,0,0
0,87,20,2,3,1,1,0,0,1,0,0
0,87,31,2,2,3,1,0,0,1,0,0
0,68,12,2,4,1,1,0,0,1,0,0
0,68,18,2,8,2,1,0,0,1,0,0
0,69,10,2,1,2,1,0,0,1,0,0
0,70,9,2,8,2,1,0,0,1,0,0
0,70,36,2,1,4,1,0,0,1,0,0
0,71,39,2,1,4,1,0,0,1,0,0
0,72,36,2,2,8,1,0,0,1,0,0
0,74,3,2,2,1,1,0,0,1,0,0
0,74,36,2,2,8,1,0,0,1,0,0
0,76,36,2,2,8,1,0,0,1,0,0
0,78,47,2,2,4,1,0,0,1,0,0
0,80,9,2,8,2,1,0,0,1,0,0
0,80,36,2,2,8,1,0,0,1,0,0
0,82,3,2,2,1,1,0,0,1,0,0
0,82,18,2,8,2,1,0,0,1,0,0
0,82,36,2,2,8,1,0,0,1,0,0
0,84,36,2,2,8,1,0,0,1,0,0
0,86,12,2,4,1,1,0,0,1,0,0
0,86,36,2,1,3,1,0,0,1,0,0
0,86,39,2,1,4,1,0,0,1,0,0
0,87,36,2,1,4,1,0,0,1,0,0
0,73,29,2,1,1,1,0,1,1,0,0
0,77,3,2,1,1,1,0,1,1,0,0
0,79,3,2,1,1,1,0,1,1,0,0
0,80,3,2,1,1,1,0,1,1,0,0
0,84,29,2,1,1,1,0,1,1,0,0
0,68,34,2,1,1,1,0,1,1,0,0
0,75,31,2,1,1,1,0,1,1,0,0
0,88,36,2,1,1,1,0,1,1,0,0
0,70,21,2,1,1,1,0,1,1,0,0
0,74,47,2,1,1,1,0,1,1,0,0
0,75,49,2,1,1,1,0,1,1,0,0
0,82,49,2,1,1,1,0,1,1,0,0
0,83,47,2,1,1,1,0,1,1,0,0
0,69,21,2,1,1,1,0,1,1,0,0
0,75,48,2,1,1,1,0,1,1,0,0
0,82,48,2,1,1,1,0,1,1,0,0
0,74,46,2,1,1,1,0,1,1,0,0
0,83,48,2,1,1,1,0,1,1,0,0
0,72,46,2,1,1,1,0,1,1,0,0
0,85,46,2,1,1,1,0,1,1,0,0
0,88,8,2,1,1,1,0,1,1,0,0
0,109,22,2,2,1,1,0,0,1,0,0
0,109,37,2,2,2,1,0,0,1,0,0
0,111,23,2,1,1,1,0,0,1,0,0
0,107,19,2,2,4,1,0,0,1,0,0
0,107,23,2,4,1,1,0,0,1,0,0
0,109,18,2,2,4,1,0,0,1,0,0
0,109,24,2,2,1,1,0,0,1,0,0
0,111,19,2,2,4,1,0,0,1,0,0
0,110,36,2,1,1,1,0,1,1,0,0
0,111,36,2,1,1,1,0,1,1,0,0
0,11,20,3,1,4,1,0,0,1,0,0
0,12,21,3,1,3,1,0,0,1,0,0
0,13,20,3,1,4,1,0,0,1,0,0
0,13,24,3,2,8,1,0,0,1,0,0
0,14,23,3,3,1,1,0,0,1,0,0
0,15,24,3,2,4,1,0,0,1,0,0
0,15,28,3,1,4,1,0,0,1,0,0
0,16,19,3,1,4,1,0,0,1,0,0
0,16,28,3,1,2,1,0,0,1,0,0
0,17,22,3,2,8,1,0,0,1,0,0
0,19,19,3,1,4,1,0,0,1,0,0
0,19,23,3,2,4,1,0,0,1,0,0
0,19,27,3,2,3,1,0,0,1,0,0
0,20,30,3,1,2,1,0,0,1,0,0
0,21,23,3,1,1,1,0,0,1,0,0
0,21,24,3,2,8,1,0,0,1,0,0
0,22,20,3,1,4,1,0,0,1,0,0
0,23,21,3,1,3,1,0,0,1,0,0
0,11,24,3,2,8,1,0,0,1,0,0
0,12,17,3,1,4,1,0,0,1,0,0
0,12,32,3,4,1,1,0,0,1,0,0
0,12,33,3,4,2,1,0,0,1,0,0
0,13,16,3,1,4,1,0,0,1,0,0
0,13,35,3,3,1,1,0,0,1,0,0
0,14,15,3,2,8,1,0,0,1,0,0
0,14,36,3,2,1,1,0,0,1,0,0
0,16,15,3,1,4,1,0,0,1,0,0
0,16,30,3,2,8,1,0,0,1,0,0
0,17,14,3,2,8,1,0,0,1,0,0
0,17,41,3,2,1,1,0,0,1,0,0
0,17,42,3,2,4,1,0,0,1,0,0
0,18,30,3,2,8,1,0,0,1,0,0
0,19,15,3,1,4,1,0,0,1,0,0
0,20,15,3,2,8,1,0,0,1,0,0
0,20,32,3,4,1,1,0,0,1,0,0
0,20,33,3,4,2,1,0,0,1,0,0
0,20,35,3,3,1,1,0,0,1,0,0
0,20,36,3,2,1,1,0,0,1,0,0
0,22,16,3,1,4,1,0,0,1,0,0
0,23,17,3,1,4,1,0,0,1,0,0
0,23,24,3,2,8,1,0,0,1,0,0
0,24,20,3,1,4,1,0,0,1,0,0
0,9,25,3,1,1,1,0,1,1,0,0
0,9,26,3,1,1,1,0,1,1,0,0
0,12,36,3,1,1,1,0,1,1,0,0
0,23,36,3,1,1,1,0,1,1,0,0
0,9,24,3,1,1,1,0,1,1,0,0
0,9,21,3,1,1,1,0,1,1,0,0
0,11,19,3,1,1,1,0,1,1,0,0
0,17,10,3,1,1,1,0,1,1,0,0
0,20,10,3,1,1,1,0,1,1,0,0
0,22,15,3,1,1,1,0,1,1,0,0
0,10,34,3,1,1,1,0,1,1,0,0
0,11,37,3,1,1,1,0,1,1,0,0
0,15,10,3,1,1,1,0,1,1,0,0
0,16,11,3,1,1,1,0,1,1,0,0
0,17,9,3,1,1,1,0,1,1,0,0
0,8,21,3,1,1,1,0,1,1,0,0
0,10,17,3,1,1,1,0,1,1,0,0
0,10,36,3,1,1,1,0,1,1,0,0
0,16,9,3,1,1,1,0,1,1,0,0
0,14,11,3,1,1,1,0,1,1,0,0
0,22,12,3,1,1,1,0,1,1,0,0
0,24,38,3,1,1,1,0,1,1,0,0
0,25,17,3,1,1,1,0,1,1,0,0
0,11,40,3,1,1,1,0,1,1,0,0
0,20,8,3,1,1,1,0,1,1,0,0
0,10,40,3,1,1,1,0,1,1,0,0
0,16,41,3,1,1,1,0,1,1,0,0
0,15,41,3,1,1,1,0,1,1,0,0
0,37,20,3,1,2,1,0,0,1,0,0
0,37,27,3,8,2,1,0,0,1,0,0
0,38,23,3,8,2,1,0,0,1,0,0
0,38,25,3,8,2,1,0,0,1,0,0
0,38,29,3,4,1,1,0,0,1,0,0
0,38,30,3,2,8,1,0,0,1,0,0
0,39,12,3,4,2,1,0,0,1,0,0
0,39,14,3,4,1,1,0,0,1,0,0
0,39,38,3,1,4,1,0,0,1,0,0
0,40,9,3,1,2,1,0,0,1,0,0
0,40,15,3,2,8,1,0,0,1,0,0
0,40,30,3,8,2,1,0,0,1,0,0
0,40,32,3,8,2,1,0,0,1,0,0
0,40,34,3,8,2,1,0,0,1,0,0
0,40,36,3,2,8,1,0,0,1,0,0
0,41,8,3,2,3,1,0,0,1,0,0
0,42,11,3,1,1,1,0,0,1,0,0
0,42,15,3,2,8,1,0,0,1,0,0
0,42,29,3,3,1,1,0,0,1,0,0
0,42,36,3,4,1,1,0,0,1,0,0
0,42,37,3,2,8,1,0,0,1,0,0
0,43,3,3,1,4,1,0,0,1,0,0
0,43,8,3,1,4,1,0,0,1,0,0
0,43,12,3,2,3,1,0,0,1,0,0
0,44,15,3,2,8,1,0,0,1,0,0
0,44,37,3,1,4,1,0,0,1,0,0
0,44,41,3,1,4,1,0,0,1,0,0
0,45,12,3,1,3,1,0,0,1,0,0
0,45,27,3,1,3,1,0,0,1,0,0
0,45,37,3,2,3,1,0,0,1,0,0
0,45,48,3,1,2,1,0,0,1,0,0
0,46,5,3,2,8,1,0,0,1,0,0
0,46,13,3,2,1,1,0,0,1,0,0
0,46,14,3,2,8,1,0,0,1,0,0
0,46,22,3,2,8,1,0,0,1,0,0
0,46,36,3,1,1,1,0,0,1,0,0
0,47,36,3,1,3,1,0,0,1,0,0
0,47,39,3,2,8,1,0,0,1,0,0
0,48,5,3,2,8,1,0,0,1,0,0
0,48,13,3,4,1,1,0,0,1,0,0
0,48,14,3,1,1,1,0,0,1,0,0
0,48,15,3,1,4,1,0,0,1,0,0
0,48,19,3,1,4,1,0,0,1,0,0
0,48,23,3,2,8,1,0,0,1,0,0
0,48,31,3,2,8,1,0,0,1,0,0
0,49,14,3,4,1,1,0,0,1,0,0
0,49,15,3,2,8,1,0,0,1,0,0
0,49,39,3,1,1,1,0,0,1,0,0
0,49,40,3,1,4,1,0,0,1,0,0
0,49,44,3,1,4,1,0,0,1,0,0
0,50,12,3,1,1,1,0,0,1,0,0
0,50,23,3,8,2,1,0,0,1,0,0
0,50,25,3,8,2,1,0,0,1,0,0
0,50,27,3,1,2,1,0,0,1,0,0
0,50,29,3,8,2,1,0,0,1,0,0
0,50,31,3,8,2,1,0,0,1,0,0
0,50,33,3,4,1,1,0,0,1,0,0
0,50,34,3,8,2,1,0,0,1,0,0
0,50,36,3,4,1,1,0,0,1,0,0
0,50,37,3,1,2,1,0,0,1,0,0
0,50,39,3,1,4,1,0,0,1,0,0
0,51,12,3,4,1,1,0,0,1,0,0
0,51,15,3,1,4,1,0,0,1,0,0
0,51,19,3,1,4,1,0,0,1,0,0
0,51,27,3,8,2,1,0,0,1,0,0
0,51,37,3,1,4,1,0,0,1,0,0
0,51,41,3,1,4,1,0,0,1,0,0
0,52,11,3,2,1,1,0,0,1,0,0
0,52,13,3,4,1,1,0,0,1,0,0
0,52,15,3,2,8,1,0,0,1,0,0
0,52,37,3,2,8,1,0,0,1,0,0
0,53,14,3,4,1,1,0,0,1,0,0
0,54,15,3,2,8,1,0,0,1,0,0
0,54,33,3,4,1,1,0,0,1,0,0
0,54,36,3,2,8,1,0,0,1,0,0
0,56,36,3,1,2,1,0,0,1,0,0
0,56,38,3,1,4,1,0,0,1,0,0
0,58,20,3,1,2,1,0,0,1,0,0
0,38,11,3,4,1,1,0,0,1,0,0
0,38,15,3,2,8,1,0,0,1,0,0
0,39,10,3,1,1,1,0,0,1,0,0
0,41,3,3,2,4,1,0,0,1,0,0
0,42,7,3,2,1,1,0,0,1,0,0
0,44,4,3,2,8,1,0,0,1,0,0
0,44,47,3,1,3,1,0,0,1,0,0
0,44,50,3,3,1,1,0,0,1,0,0
0,45,40,3,2,8,1,0,0,1,0,0
0,49,50,3,3,1,1,0,0,1,0,0
0,50,4,3,2,8,1,0,0,1,0,0
0,50,43,3,1,4,1,0,0,1,0,0
0,50,47,3,2,3,1,0,0,1,0,0
0,52,3,3,2,8,1,0,0,1,0,0
0,54,3,3,1,4,1,0,0,1,0,0
0,54,8,3,1,4,1,0,0,1,0,0
0,55,9,3,1,4,1,0,0,1,0,0
0,56,10,3,1,4,1,0,0,1,0,0
0,56,15,3,2,8,1,0,0,1,0,0
0,57,12,3,1,1,1,0,1,1,0,0
0,68,12,3,4,1,1,0,0,1,0,0
0,68,18,3,4,2,1,0,0,1,0,0
0,68,20,3,3,1,1,0,0,1,0,0
0,68,29,3,3,2,1,0,0,1,0,0
0,69,10,3,1,2,1,0,0,1,0,0
0,69,13,3,8,2,1,0,0,1,0,0
0,69,15,3,4,2,1,0,0,1,0,0
0,69,17,3,4,1,1,0,0,1,0,0
0,69,32,3,3,2,1,0,0,1,0,0
0,70,9,3,8,2,1,0,0,1,0,0
0,70,11,3,4,1,1,0,0,1,0,0
0,71,6,3,4,1,1,0,0,1,0,0
0,71,8,3,4,1,1,0,0,1,0,0
0,71,30,3,1,1,1,0,0,1,0,0
0,71,34,3,1,2,1,0,0,1,0,0
0,72,12,3,2,1,1,0,0,1,0,0
0,72,18,3,2,2,1,0,0,1,0,0
0,72,29,3,1,4,1,0,0,1,0,0
0,72,33,3,1,3,1,0,0,1,0,0
0,73,15,3,3,1,1,0,0,1,0,0
0,73,16,3,3,2,1,0,0,1,0,0
0,73,32,3,1,4,1,0,0,1,0,0
0,73,36,3,4,1,1,0,0,1,0,0
0,74,7,3,1,1,1,0,0,1,0,0
0,74,11,3,8,2,1,0,0,1,0,0
0,74,18,3,1,1,1,0,0,1,0,0
0,74,19,3,1,4,1,0,0,1,0,0
0,74,34,3,1,2,1,0,0,1,0,0
0,75,4,3,4,1,1,0,0,1,0,0
0,75,6,3,2,3,1,0,0,1,0,0
0,75,18,3,1,4,1,0,0,1,0,0
0,75,32,3,4,2,1,0,0,1,0,0
0,75,34,3,4,2,1,0,0,1,0,0
0,76,15,3,2,8,1,0,0,1,0,0
0,77,5,3,2,4,1,0,0,1,0,0
0,77,13,3,4,2,1,0,0,1,0,0
0,77,36,3,2,4,1,0,0,1,0,0
0,77,40,3,4,1,1,0,0,1,0,0
0,77,41,3,8,2,1,0,0,1,0,0
0,77,47,3,4,2,1,0,0,1,0,0
0,77,49,3,4,2,1,0,0,1,0,0
0,78,9,3,2,2,1,0,0,1,0,0
0,78,15,3,2,8,1,0,0,1,0,0
0,78,45,3,2,2,1,0,0,1,0,0
0,79,4,3,4,1,1,0,0,1,0,0
0,79,5,3,2,1,1,0,0,1,0,0
0,79,6,3,8,2,1,0,0,1,0,0
0,79,8,3,4,1,1,0,0,1,0,0
0,79,32,3,2,8,1,0,0,1,0,0
0,80,9,3,8,2,1,0,0,1,0,0
0,81,13,3,8,2,1,0,0,1,0,0
0,81,32,3,1,4,1,0,0,1,0,0
0,81,36,3,2,4,1,0,0,1,0,0
0,81,40,3,4,1,1,0,0,1,0,0
0,82,11,3,3,2,1,0,0,1,0,0
0,82,15,3,2,3,1,0,0,1,0,0
0,82,18,3,1,4,1,0,0,1,0,0
0,82,35,3,1,1,1,0,0,1,0,0
0,83,18,3,1,1,1,0,0,1,0,0
0,83,19,3,1,4,1,0,0,1,0,0
0,83,30,3,1,1,1,0,0,1,0,0
0,83,32,3,2,8,1,0,0,1,0,0
0,84,15,3,1,1,1,0,0,1,0,0
0,84,16,3,1,4,1,0,0,1,0,0
0,85,11,3,4,1,1,0,0,1,0,0
0,85,12,3,1,1,1,0,0,1,0,0
0,85,15,3,4,2,1,0,0,1,0,0
0,85,17,3,4,1,1,0,0,1,0,0
0,85,18,3,1,2,1,0,0,1,0,0
0,85,29,3,1,4,1,0,0,1,0,0
0,85,33,3,1,3,1,0,0,1,0,0
0,86,12,3,4,1,1,0,0,1,0,0
0,86,18,3,4,2,1,0,0,1,0,0
0,86,30,3,1,4,1,0,0,1,0,0
0,87,20,3,3,1,1,0,0,1,0,0
0,87,29,3,2,4,1,0,0,1,0,0
0,87,36,3,1,2,1,0,0,1,0,0
0,68,31,3,4,1,1,0,0,1,0,0
0,69,34,3,2,4,1,0,0,1,0,0
0,70,7,3,4,1,1,0,0,1,0,0
0,70,38,3,1,4,1,0,0,1,0,0
0,71,36,3,2,8,1,0,0,1,0,0
0,73,28,3,1,2,1,0,0,1,0,0
0,73,37,3,2,8,1,0,0,1,0,0
0,74,30,3,1,4,1,0,0,1,0,0
0,75,37,3,2,8,1,0,0,1,0,0
0,77,3,3,1,1,1,0,0,1,0,0
0,77,43,3,8,2,1,0,0,1,0,0
0,78,2,3,2,2,1,0,0,1,0,0
0,80,3,3,1,1,1,0,0,1,0,0
0,80,15,3,2,8,1,0,0,1,0,0
0,82,31,3,1,4,1,0,0,1,0,0
0,83,8,3,4,1,1,0,0,1,0,0
0,84,28,3,1,2,1,0,0,1,0,0
0,85,36,3,2,8,1,0,0,1,0,0
0,86,34,3,4,2,1,0,0,1,0,0
0,87,33,3,3,1,1,0,0,1,0,0
0,87,38,3,1,4,1,0,0,1,0,0
0,89,29,3,1,4,1,0,0,1,0,0
0,68,34,3,1,1,1,0,1,1,0,0
0,75,31,3,1,1,1,0,1,1,0,0
0,88,36,3,1,1,1,0,1,1,0,0
0,70,21,3,1,1,1,0,1,1,0,0
0,74,47,3,1,1,1,0,1,1,0,0
0,75,49,3,1,1,1,0,1,1,0,0
0,82,49,3,1,1,1,0,1,1,0,0
0,83,47,3,1,1,1,0,1,1,0,0
0,69,21,3,1,1,1,0,1,1,0,0
0,75,48,3,1,1,1,0,1,1,0,0
0,82,48,3,1,1,1,0,1,1,0,0
0,74,46,3,1,1,1,0,1,1,0,0
0,83,48,3,1,1,1,0,1,1,0,0
0,72,46,3,1,1,1,0,1,1,0,0
0,85,46,3,1,1,1,0,1,1,0,0
0,88,8,3,1,1,1,0,1,1,0,0
0,107,19,3,1,4,1,0,0,1,0,0
0,107,23,3,4,1,1,0,0,1,0,0
0,108,22,3,4,1,1,0,0,1,0,0
0,109,24,3,2,1,1,0,0,1,0,0
0,109,37,3,2,2,1,0,0,1,0,0
0,112,19,3,1,4,1,0,0,1,0,0
0,108,18,3,2,4,1,0,0,1,0,0
0,110,18,3,2,4,1,0,0,1,0,0
0,111,23,3,2,1,1,0,0,1,0,0
0,110,36,3,1,1,1,0,1,1,0,0
0,111,36,3,1,1,1,0,1,1,0,0
0,9,22,4,1,4,1,0,0,1,0,0
0,9,26,4,1,1,1,0,0,1,0,0
0,12,19,4,1,4,1,0,0,1,0,0
0,12,23,4,1,4,1,0,0,1,0,0
0,12,27,4,4,2,1,0,0,1,0,0
0,13,22,4,4,2,1,0,0,1,0,0
0,13,24,4,4,2,1,0,0,1,0,0
0,13,26,4,4,1,1,0,0,1,0,0
0,13,32,4,2,2,1,0,0,1,0,0
0,14,29,4,2,1,1,0,0,1,0,0
0,14,34,4,1,1,1,0,0,1,0,0
0,15,21,4,2,1,1,0,0,1,0,0
0,16,27,4,1,3,1,0,0,1,0,0
0,17,20,4,1,4,1,0,0,1,0,0
0,17,24,4,1,4,1,0,0,1,0,0
0,17,28,4,1,2,1,0,0,1,0,0
0,17,32,4,2,2,1,0,0,1,0,0
0,17,34,4,2,4,1,0,0,1,0,0
0,18,20,4,1,1,1,0,0,1,0,0
0,18,23,4,1,4,1,0,0,1,0,0
0,18,29,4,4,1,1,0,0,1,0,0
0,19,17,4,1,4,1,0,0,1,0,0
0,21,32,4,2,2,1,0,0,1,0,0
0,21,34,4,1,1,1,0,0,1,0,0
0,22,18,4,1,3,1,0,0,1,0,0
0,23,19,4,1,2,1,0,0,1,0,0
0,10,21,4,2,8,1,0,0,1,0,0
0,10,29,4,4,1,1,0,0,1,0,0
0,10,30,4,8,2,1,0,0,1,0,0
0,11,17,4,1,4,1,0,0,1,0,0
0,11,32,4,2,3,1,0,0,1,0,0
0,12,15,4,1,4,1,0,0,1,0,0
0,12,35,4,1,2,1,0,0,1,0,0
0,13,14,4,2,8,1,0,0,1,0,0
0,13,34,4,1,4,1,0,0,1,0,0
0,14,35,4,1,4,1,0,0,1,0,0
0,15,13,4,2,8,1,0,0,1,0,0
0,15,32,4,2,8,1,0,0,1,0,0
0,17,12,4,2,8,1,0,0,1,0,0
0,17,38,4,2,8,1,0,0,1,0,0
0,18,21,4,8,2,1,0,0,1,0,0
0,18,27,4,8,2,1,0,0,1,0,0
0,18,30,4,8,2,1,0,0,1,0,0
0,19,13,4,1,4,1,0,0,1,0,0
0,19,23,4,8,2,1,0,0,1,0,0
0,19,25,4,8,2,1,0,0,1,0,0
0,19,32,4,2,8,1,0,0,1,0,0
0,20,13,4,2,8,1,0,0,1,0,0
0,21,35,4,1,4,1,0,0,1,0,0
0,22,14,4,1,4,1,0,0,1,0,0
0,22,29,4,4,1,1,0,0,1,0,0
0,22,34,4,1,4,1,0,0,1,0,0
0,23,15,4,1,4,1,0,0,1,0,0
0,23,32,4,2,3,1,0,0,1,0,0
0,23,35,4,1,2,1,0,0,1,0,0
0,24,17,4,1,4,1,0,0,1,0,0
0,9,21,4,1,1,1,0,1,1,0,0
0,17,10,4,1,1,1,0,1,1,0,0
0,20,10,4,1,1,1,0,1,1,0,0
0,10,34,4,1,1,1,0,1,1,0,0
0,11,37,4,1,1,1,0,1,1,0,0
0,15,10,4,1,1,1,0,1,1,0,0
0,16,11,4,1,1,1,0,1,1,0,0
0,17,9,4,1,1,1,0,1,1,0,0
0,8,21,4,1,1,1,0,1,1,0,0
0,10,17,4,1,1,1,0,1,1,0,0
0,10,36,4,1,1,1,0,1,1,0,0
0,16,9,4,1,1,1,0,1,1,0,0
0,14,11,4,1,1,1,0,1,1,0,0
0,22,12,4,1,1,1,0,1,1,0,0
0,24,38,4,1,1,1,0,1,1,0,0
0,25,17,4,1,1,1,0,1,1,0,0
0,11,40,4,1,1,1,0,1,1,0,0
0,20,8,4,1,1,1,0,1,1,0,0
0,10,40,4,1,1,1,0,1,1,0,0
0,16,41,4,1,1,1,0,1,1,0,0
0,15,41,4,1,1,1,0,1,1,0,0
0,37,27,4,4,1,1,0,0,1,0,0
0,38,22,4,4,1,1,0,0,1,0,0
0,38,23,4,8,2,1,0,0,1,0,0
0,38,30,4,2,8,1,0,0,1,0,0
0,39,10,4,1,4,1,0,0,1,0,0
0,39,38,4,1,4,1,0,0,1,0,0
0,40,9,4,2,8,1,0,0,1,0,0
0,40,17,4,8,2,1,0,0,1,0,0
0,40,19,4,8,2,1,0,0,1,0,0
0,40,21,4,4,1,1,0,0,1,0,0
0,40,30,4,4,2,1,0,0,1,0,0
0,40,32,4,4,2,1,0,0,1,0,0
0,40,34,4,4,2,1,0,0,1,0,0
0,40,36,4,2,8,1,0,0,1,0,0
0,41,8,4,1,1,1,0,0,1,0,0
0,41,27,4,4,1,1,0,0,1,0,0
0,42,3,4,2,8,1,0,0,1,0,0
0,42,11,4,2,2,1,0,0,1,0,0
0,42,13,4,4,2,1,0,0,1,0,0
0,42,15,4,4,2,1,0,0,1,0,0
0,42,22,4,4,1,1,0,0,1,0,0
0,42,36,4,4,1,1,0,0,1,0,0
0,42,37,4,2,8,1,0,0,1,0,0
0,44,4,4,1,4,1,0,0,1,0,0
0,44,8,4,1,4,1,0,0,1,0,0
0,44,12,4,3,1,1,0,0,1,0,0
0,44,21,4,4,1,1,0,0,1,0,0
0,44,30,4,1,4,1,0,0,1,0,0
0,44,34,4,1,2,1,0,0,1,0,0
0,44,37,4,1,4,1,0,0,1,0,0
0,44,41,4,1,4,1,0,0,1,0,0
0,44,47,4,2,4,1,0,0,1,0,0
0,45,25,4,1,4,1,0,0,1,0,0
0,45,29,4,1,4,1,0,0,1,0,0
0,45,33,4,1,3,1,0,0,1,0,0
0,45,37,4,1,2,1,0,0,1,0,0
0,45,39,4,2,8,1,0,0,1,0,0
0,46,13,4,1,1,1,0,0,1,0,0
0,46,14,4,2,3,1,0,0,1,0,0
0,46,22,4,3,1,1,0,0,1,0,0
0,46,23,4,2,8,1,0,0,1,0,0
0,46,31,4,2,8,1,0,0,1,0,0
0,47,6,4,2,8,1,0,0,1,0,0
0,47,39,4,2,8,1,0,0,1,0,0
0,48,14,4,2,8,1,0,0,1,0,0
0,48,23,4,1,4,1,0,0,1,0,0
0,48,27,4,1,4,1,0,0,1,0,0
0,48,31,4,1,4,1,0,0,1,0,0
0,48,35,4,1,2,1,0,0,1,0,0
0,48,37,4,3,2,1,0,0,1,0,0
0,49,12,4,2,1,1,0,0,1,0,0
0,49,13,4,3,1,1,0,0,1,0,0
0,49,22,4,2,8,1,0,0,1,0,0
0,49,30,4,1,4,1,0,0,1,0,0
0,49,34,4,1,3,1,0,0,1,0,0
0,49,39,4,1,1,1,0,0,1,0,0
0,49,40,4,1,4,1,0,0,1,0,0
0,49,44,4,1,4,1,0,0,1,0,0
0,50,16,4,8,2,1,0,0,1,0,0
0,50,18,4,8,2,1,0,0,1,0,0
0,50,20,4,1,2,1,0,0,1,0,0
0,50,30,4,8,2,1,0,0,1,0,0
0,50,32,4,8,2,1,0,0,1,0,0
0,50,34,4,4,1,1,0,0,1,0,0
0,50,39,4,1,4,1,0,0,1,0,0
0,50,43,4,1,4,1,0,0,1,0,0
0,50,47,4,2,4,1,0,0,1,0,0
0,51,4,4,1,4,1,0,0,1,0,0
0,51,8,4,1,4,1,0,0,1,0,0
0,51,12,4,4,1,1,0,0,1,0,0
0,51,20,4,8,2,1,0,0,1,0,0
0,51,24,4,3,1,1,0,0,1,0,0
0,51,27,4,4,1,1,0,0,1,0,0
0,51,37,4,1,4,1,0,0,1,0,0
0,51,41,4,1,4,1,0,0,1,0,0
0,52,3,4,1,4,1,0,0,1,0,0
0,52,7,4,1,4,1,0,0,1,0,0
0,52,11,4,1,1,1,0,0,1,0,0
0,52,13,4,4,1,1,0,0,1,0,0
0,52,37,4,2,8,1,0,0,1,0,0
0,54,24,4,4,1,1,0,0,1,0,0
0,54,34,4,4,1,1,0,0,1,0,0
0,54,37,4,1,3,1,0,0,1,0,0
0,54,40,4,2,4,1,0,0,1,0,0
0,55,9,4,1,4,1,0,0,1,0,0
0,55,27,4,4,1,1,0,0,1,0,0
0,55,37,4,2,1,1,0,0,1,0,0
0,56,10,4,1,4,1,0,0,1,0,0
0,56,38,4,1,4,1,0,0,1,0,0
0,37,20,4,1,4,1,0,0,1,0,0
0,37,25,4,8,2,1,0,0,1,0,0
0,37,28,4,8,2,1,0,0,1,0,0
0,38,11,4,1,2,1,0,0,1,0,0
0,38,14,4,2,8,1,0,0,1,0,0
0,41,4,4,1,4,1,0,0,1,0,0
0,45,4,4,2,8,1,0,0,1,0,0
0,49,4,4,2,8,1,0,0,1,0,0
0,50,14,4,8,2,1,0,0,1,0,0
0,50,35,4,8,2,1,0,0,1,0,0
0,51,22,4,8,2,1,0,0,1,0,0
0,51,25,4,8,2,1,0,0,1,0,0
0,51,28,4,8,2,1,0,0,1,0,0
0,53,4,4,2,8,1,0,0,1,0,0
0,57,11,4,1,2,1,0,0,1,0,0
0,68,18,4,4,2,1,0,0,1,0,0
0,69,10,4,1,4,1,0,0,1,0,0
0,69,14,4,1,4,1,0,0,1,0,0
0,69,33,4,1,1,1,0,0,1,0,0
0,69,34,4,2,4,1,0,0,1,0,0
0,70,7,4,4,1,1,0,0,1,0,0
0,70,9,4,2,8,1,0,0,1,0,0
0,70,17,4,2,1,1,0,0,1,0,0
0,70,30,4,1,4,1,0,0,1,0,0
0,70,38,4,1,4,1,0,0,1,0,0
0,71,6,4,3,1,1,0,0,1,0,0
0,71,8,4,3,1,1,0,0,1,0,0
0,71,31,4,1,4,1,0,0,1,0,0
0,71,35,4,1,1,1,0,0,1,0,0
0,71,36,4,2,8,1,0,0,1,0,0
0,72,9,4,2,3,1,0,0,1,0,0
0,72,12,4,2,8,1,0,0,1,0,0
0,73,36,4,4,1,1,0,0,1,0,0
0,73,37,4,2,8,1,0,0,1,0,0
0,74,13,4,1,1,1,0,0,1,0,0
0,74,14,4,1,4,1,0,0,1,0,0
0,74,18,4,1,4,1,0,0,1,0,0
0,74,32,4,1,4,1,0,0,1,0,0
0,75,13,4,1,4,1,0,0,1,0,0
0,75,17,4,1,4,1,0,0,1,0,0
0,75,33,4,1,3,1,0,0,1,0,0
0,75,37,4,1,4,1,0,0,1,0,0
0,75,41,4,1,4,1,0,0,1,0,0
0,76,7,4,1,4,1,0,0,1,0,0
0,76,11,4,1,3,1,0,0,1,0,0
0,76,14,4,2,8,1,0,0,1,0,0
0,76,34,4,1,2,1,0,0,1,0,0
0,76,37,4,2,8,1,0,0,1,0,0
0,77,6,4,1,4,1,0,0,1,0,0
0,77,10,4,2,4,1,0,0,1,0,0
0,77,22,4,4,1,1,0,0,1,0,0
0,77,32,4,2,4,1,0,0,1,0,0
0,77,36,4,1,1,1,0,0,1,0,0
0,78,9,4,2,1,1,0,0,1,0,0
0,78,14,4,2,8,1,0,0,1,0,0
0,78,36,4,1,4,1,0,0,1,0,0
0,78,40,4,2,8,1,0,0,1,0,0
0,79,10,4,2,4,1,0,0,1,0,0
0,79,32,4,2,8,1,0,0,1,0,0
0,80,6,4,1,4,1,0,0,1,0,0
0,80,14,4,2,8,1,0,0,1,0,0
0,80,40,4,1,1,1,0,0,1,0,0
0,80,41,4,1,4,1,0,0,1,0,0
0,81,7,4,1,4,1,0,0,1,0,0
0,81,11,4,1,3,1,0,0,1,0,0
0,81,34,4,1,2,1,0,0,1,0,0
0,81,36,4,4,1,1,0,0,1,0,0
0,81,37,4,2,8,1,0,0,1,0,0
0,82,13,4,1,4,1,0,0,1,0,0
0,82,17,4,1,4,1,0,0,1,0,0
0,83,13,4,1,1,1,0,0,1,0,0
0,83,14,4,1,4,1,0,0,1,0,0
0,83,18,4,1,4,1,0,0,1,0,0
0,83,37,4,2,8,1,0,0,1,0,0
0,84,6,4,1,4,1,0,0,1,0,0
0,84,10,4,3,2,1,0,0,1,0,0
0,84,12,4,1,4,1,0,0,1,0,0
0,84,16,4,1,4,1,0,0,1,0,0
0,85,6,4,2,4,1,0,0,1,0,0
0,85,12,4,1,1,1,0,0,1,0,0
0,85,13,4,2,4,1,0,0,1,0,0
0,85,17,4,4,1,1,0,0,1,0,0
0,85,18,4,1,2,1,0,0,1,0,0
0,85,36,4,2,8,1,0,0,1,0,0
0,86,12,4,4,1,1,0,0,1,0,0
0,86,18,4,4,2,1,0,0,1,0,0
0,86,31,4,1,3,1,0,0,1,0,0
0,86,34,4,4,2,1,0,0,1,0,0
0,87,9,4,1,3,1,0,0,1,0,0
0,87,13,4,2,4,1,0,0,1,0,0
0,87,29,4,2,4,1,0,0,1,0,0
0,87,33,4,3,1,1,0,0,1,0,0
0,87,36,4,1,2,1,0,0,1,0,0
0,87,38,4,1,4,1,0,0,1,0,0
0,89,29,4,1,4,1,0,0,1,0,0
0,68,12,4,1,2,1,0,0,1,0,0
0,68,29,4,2,4,1,0,0,1,0,0
0,68,33,4,1,2,1,0,0,1,0,0
0,70,29,4,2,1,1,0,0,1,0,0
0,72,28,4,2,8,1,0,0,1,0,0
0,74,5,4,2,8,1,0,0,1,0,0
0,74,28,4,1,4,1,0,0,1,0,0
0,75,29,4,1,4,1,0,0,1,0,0
0,76,3,4,1,4,1,0,0,1,0,0
0,76,30,4,1,4,1,0,0,1,0,0
0,77,2,4,1,4,1,0,0,1,0,0
0,78,1,4,2,8,1,0,0,1,0,0
0,80,2,4,1,4,1,0,0,1,0,0
0,81,3,4,1,4,1,0,0,1,0,0
0,81,30,4,1,4,1,0,0,1,0,0
0,82,5,4,2,8,1,0,0,1,0,0
0,82,28,4,2,8,1,0,0,1,0,0
0,84,28,4,2,8,1,0,0,1,0,0
0,88,10,4,1,2,1,0,0,1,0,0
0,70,20,4,1,1,1,0,1,1,0,0
0,75,4,4,1,1,1,0,1,1,0,0
0,77,47,4,1,1,1,0,1,1,0,0
0,80,47,4,1,1,1,0,1,1,0,0
0,82,4,4,1,1,1,0,1,1,0,0
0,87,20,4,1,1,1,0,1,1,0,0
0,88,36,4,1,1,1,0,1,1,0,0
0,70,21,4,1,1,1,0,1,1,0,0
0,74,47,4,1,1,1,0,1,1,0,0
0,75,49,4,1,1,1,0,1,1,0,0
0,82,49,4,1,1,1,0,1,1,0,0
0,83,47,4,1,1,1,0,1,1,0,0
0,69,21,4,1,1,1,0,1,1,0,0
0,75,48,4,1,1,1,0,1,1,0,0
0,82,48,4,1,1,1,0,1,1,0,0
0,74,46,4,1,1,1,0,1,1,0,0
0,83,48,4,1,1,1,0,1,1,0,0
0,72,46,4,1,1,1,0,1,1,0,0
0,85,46,4,1,1,1,0,1,1,0,0
0,88,8,4,1,1,1,0,1,1,0,0
0,107,20,4,1,3,1,0,0,1,0,0
0,108,19,4,4,2,1,0,0,1,0,0
0,108,21,4,4,1,1,0,0,1,0,0
0,108,22,4,4,2,1,0,0,1,0,0
0,109,37,4,2,2,1,0,0,1,0,0
0,110,36,4,1,1,1,0,1,1,0,0
0,111,36,4,1,1,1,0,1,1,0,0
0,9,23,5,8,2,1,0,0,1,0,0
0,9,25,5,4,1,1,0,0,1,0,0
0,11,19,5,1,3,1,0,0,1,0,0
0,11,31,5,2,3,1,0,0,1,0,0
0,12,17,5,1,4,1,0,0,1,0,0
0,12,21,5,1,2,1,0,0,1,0,0
0,12,34,5,1,1,1,0,0,1,0,0
0,13,20,5,4,2,1,0,0,1,0,0
0,13,22,5,4,1,1,0,0,1,0,0
0,13,25,5,4,1,1,0,0,1,0,0
0,13,28,5,3,1,1,0,0,1,0,0
0,13,31,5,4,1,1,0,0,1,0,0
0,15,32,5,2,8,1,0,0,1,0,0
0,16,26,5,1,3,1,0,0,1,0,0
0,17,15,5,1,4,1,0,0,1,0,0
0,17,19,5,1,4,1,0,0,1,0,0
0,17,23,5,8,2,1,0,0,1,0,0
0,17,25,5,2,3,1,0,0,1,0,0
0,17,28,5,1,2,1,0,0,1,0,0
0,17,30,5,2,8,1,0,0,1,0,0
0,17,38,5,2,8,1,0,0,1,0,0
0,18,13,5,1,4,1,0,0,1,0,0
0,18,17,5,1,4,1,0,0,1,0,0
0,18,21,5,1,2,1,0,0,1,0,0
0,18,28,5,8,2,1,0,0,1,0,0
0,19,16,5,1,4,1,0,0,1,0,0
0,19,20,5,1,3,1,0,0,1,0,0
0,19,25,5,4,1,1,0,0,1,0,0
0,19,30,5,1,1,1,0,0,1,0,0
0,19,31,5,4,1,1,0,0,1,0,0
0,19,32,5,2,8,1,0,0,1,0,0
0,20,20,5,2,3,1,0,0,1,0,0
0,20,30,5,4,1,1,0,0,1,0,0
0,22,17,5,1,4,1,0,0,1,0,0
0,22,21,5,1,2,1,0,0,1,0,0
0,23,18,5,1,1,1,0,0,1,0,0
0,23,19,5,2,4,1,0,0,1,0,0
0,23,25,5,4,1,1,0,0,1,0,0
0,23,31,5,1,4,1,0,0,1,0,0
0,25,22,5,1,3,1,0,0,1,0,0
0,8,22,5,4,1,1,0,0,1,0,0
0,8,26,5,8,2,1,0,0,1,0,0
0,9,21,5,1,1,1,0,0,1,0,0
0,9,28,5,4,1,1,0,0,1,0,0
0,9,29,5,8,2,1,0,0,1,0,0
0,10,18,5,1,4,1,0,0,1,0,0
0,10,31,5,1,4,1,0,0,1,0,0
0,11,15,5,1,4,1,0,0,1,0,0
0,11,34,5,1,4,1,0,0,1,0,0
0,12,13,5,1,4,1,0,0,1,0,0
0,12,35,5,1,4,1,0,0,1,0,0
0,13,12,5,2,8,1,0,0,1,0,0
0,13,32,5,2,8,1,0,0,1,0,0
0,14,10,5,4,1,1,0,0,1,0,0
0,15,12,5,2,8,1,0,0,1,0,0
0,17,11,5,1,4,1,0,0,1,0,0
0,18,9,5,1,4,1,0,0,1,0,0
0,19,10,5,2,1,1,0,0,1,0,0
0,19,12,5,1,4,1,0,0,1,0,0
0,19,26,5,8,2,1,0,0,1,0,0
0,20,12,5,2,8,1,0,0,1,0,0
0,21,32,5,2,8,1,0,0,1,0,0
0,22,13,5,1,4,1,0,0,1,0,0
0,23,14,5,1,4,1,0,0,1,0,0
0,23,35,5,1,4,1,0,0,1,0,0
0,24,15,5,1,4,1,0,0,1,0,0
0,24,30,5,2,4,1,0,0,1,0,0
0,24,34,5,1,3,1,0,0,1,0,0
0,25,18,5,1,4,1,0,0,1,0,0
0,26,21,5,1,4,1,0,0,1,0,0
0,16,11,5,1,1,1,0,1,1,0,0
0,17,9,5,1,1,1,0,1,1,0,0
0,8,21,5,1,1,1,0,1,1,0,0
0,10,17,5,1,1,1,0,1,1,0,0
0,10,36,5,1,1,1,0,1,1,0,0
0,16,9,5,1,1,1,0,1,1,0,0
0,14,11,5,1,1,1,0,1,1,0,0
0,22,12,5,1,1,1,0,1,1,0,0
0,24,38,5,1,1,1,0,1,1,0,0
0,25,17,5,1,1,1,0,1,1,0,0
0,11,40,5,1,1,1,0,1,1,0,0
0,20,8,5,1,1,1,0,1,1,0,0
0,10,40,5,1,1,1,0,1,1,0,0
0,16,41,5,1,1,1,0,1,1,0,0
0,15,41,5,1,1,1,0,1,1,0,0
0,37,27,5,8,2,1,0,0,1,0,0
0,38,15,5,8,2,1,0,0,1,0,0
0,38,17,5,8,2,1,0,0,1,0,0
0,38,31,5,4,1,1,0,0,1,0,0
0,38,32,5,2,4,1,0,0,1,0,0
0,39,10,5,1,4,1,0,0,1,0,0
0,39,14,5,4,1,1,0,0,1,0,0
0,39,19,5,1,2,1,0,0,1,0,0
0,39,21,5,1,4,1,0,0,1,0,0
0,39,25,5,1,2,1,0,0,1,0,0
0,40,19,5,2,8,1,0,0,1,0,0
0,40,32,5,1,4,1,0,0,1,0,0
0,40,36,5,1,4,1,0,0,1,0,0
0,41,32,5,1,2,1,0,0,1,0,0
0,41,34,5,1,4,1,0,0,1,0,0
0,41,38,5,1,4,1,0,0,1,0,0
0,42,5,5,2,8,1,0,0,1,0,0
0,42,13,5,4,1,1,0,0,1,0,0
0,42,19,5,2,8,1,0,0,1,0,0
0,42,31,5,2,4,1,0,0,1,0,0
0,42,35,5,2,8,1,0,0,1,0,0
0,43,14,5,3,1,1,0,0,1,0,0
0,44,4,5,2,8,1,0,0,1,0,0
0,44,12,5,3,1,1,0,0,1,0,0
0,44,19,5,2,8,1,0,0,1,0,0
0,44,31,5,2,4,1,0,0,1,0,0
0,44,35,5,2,8,1,0,0,1,0,0
0,44,47,5,2,4,1,0,0,1,0,0
0,45,27,5,1,4,1,0,0,1,0,0
0,45,44,5,4,2,1,0,0,1,0,0
0,45,46,5,4,1,1,0,0,1,0,0
0,46,4,5,1,4,1,0,0,1,0,0
0,46,8,5,1,4,1,0,0,1,0,0
0,46,13,5,1,1,1,0,0,1,0,0
0,46,14,5,2,8,1,0,0,1,0,0
0,46,22,5,3,1,1,0,0,1,0,0
0,46,23,5,2,8,1,0,0,1,0,0
0,46,31,5,2,4,1,0,0,1,0,0
0,46,35,5,3,1,1,0,0,1,0,0
0,46,36,5,2,8,1,0,0,1,0,0
0,47,6,5,1,4,1,0,0,1,0,0
0,47,10,5,1,4,1,0,0,1,0,0
0,48,12,5,4,1,1,0,0,1,0,0
0,48,13,5,2,1,1,0,0,1,0,0
0,48,14,5,2,8,1,0,0,1,0,0
0,48,23,5,1,4,1,0,0,1,0,0
0,48,27,5,1,4,1,0,0,1,0,0
0,48,31,5,1,4,1,0,0,1,0,0
0,48,36,5,2,8,1,0,0,1,0,0
0,49,22,5,2,8,1,0,0,1,0,0
0,49,30,5,2,4,1,0,0,1,0,0
0,49,34,5,1,2,1,0,0,1,0,0
0,49,44,5,1,4,1,0,0,1,0,0
0,50,4,5,2,8,1,0,0,1,0,0
0,50,13,5,4,1,1,0,0,1,0,0
0,50,14,5,3,1,1,0,0,1,0,0
0,50,15,5,8,2,1,0,0,1,0,0
0,50,17,5,8,2,1,0,0,1,0,0
0,50,19,5,1,3,1,0,0,1,0,0
0,50,34,5,1,1,1,0,0,1,0,0
0,50,35,5,2,8,1,0,0,1,0,0
0,50,44,5,1,3,1,0,0,1,0,0
0,50,47,5,2,4,1,0,0,1,0,0
0,51,19,5,2,8,1,0,0,1,0,0
0,51,27,5,8,2,1,0,0,1,0,0
0,51,31,5,2,4,1,0,0,1,0,0
0,52,5,5,2,8,1,0,0,1,0,0
0,52,35,5,2,8,1,0,0,1,0,0
0,53,14,5,4,1,1,0,0,1,0,0
0,53,19,5,2,8,1,0,0,1,0,0
0,53,31,5,1,4,1,0,0,1,0,0
0,54,6,5,1,4,1,0,0,1,0,0
0,54,10,5,1,4,1,0,0,1,0,0
0,54,31,5,4,1,1,0,0,1,0,0
0,54,32,5,1,1,1,0,0,1,0,0
0,54,33,5,1,4,1,0,0,1,0,0
0,54,37,5,1,4,1,0,0,1,0,0
0,55,11,5,1,3,1,0,0,1,0,0
0,55,19,5,2,8,1,0,0,1,0,0
0,55,32,5,1,2,1,0,0,1,0,0
0,55,34,5,1,4,1,0,0,1,0,0
0,56,10,5,1,4,1,0,0,1,0,0
0,56,32,5,2,4,1,0,0,1,0,0
0,37,19,5,2,8,1,0,0,1,0,0
0,37,29,5,8,2,1,0,0,1,0,0
0,38,11,5,1,4,1,0,0,1,0,0
0,40,6,5,2,8,1,0,0,1,0,0
0,48,4,5,2,8,1,0,0,1,0,0
0,51,29,5,8,2,1,0,0,1,0,0
0,55,7,5,1,4,1,0,0,1,0,0
0,57,11,5,1,4,1,0,0,1,0,0
0,57,19,5,2,8,1,0,0,1,0,0
0,68,12,5,1,2,1,0,0,1,0,0
0,68,29,5,3,1,1,0,0,1,0,0
0,69,13,5,1,1,1,0,0,1,0,0
0,69,14,5,4,2,1,0,0,1,0,0
0,69,30,5,2,8,1,0,0,1,0,0
0,70,11,5,1,3,1,0,0,1,0,0
0,70,16,5,1,3,1,0,0,1,0,0
0,70,19,5,4,1,1,0,0,1,0,0
0,70,38,5,1,4,1,0,0,1,0,0
0,71,6,5,2,8,1,0,0,1,0,0
0,71,16,5,4,1,1,0,0,1,0,0
0,71,40,5,1,4,1,0,0,1,0,0
0,72,30,5,4,1,1,0,0,1,0,0
0,72,31,5,4,2,1,0,0,1,0,0
0,72,42,5,1,2,1,0,0,1,0,0
0,73,7,5,2,8,1,0,0,1,0,0
0,73,15,5,2,1,1,0,0,1,0,0
0,73,43,5,4,2,1,0,0,1,0,0
0,74,5,5,4,1,1,0,0,1,0,0
0,74,19,5,1,2,1,0,0,1,0,0
0,74,33,5,2,2,1,0,0,1,0,0
0,74,35,5,2,8,1,0,0,1,0,0
0,75,6,5,2,8,1,0,0,1,0,0
0,75,14,5,2,1,1,0,0,1,0,0
0,75,15,5,4,2,1,0,0,1,0,0
0,76,19,5,4,2,1,0,0,1,0,0
0,76,32,5,4,2,1,0,0,1,0,0
0,76,34,5,4,2,1,0,0,1,0,0
0,76,36,5,4,1,1,0,0,1,0,0
0,76,37,5,8,2,1,0,0,1,0,0
0,76,39,5,1,4,1,0,0,1,0,0
0,77,6,5,1,4,1,0,0,1,0,0
0,77,10,5,4,2,1,0,0,1,0,0
0,77,12,5,2,3,1,0,0,1,0,0
0,77,21,5,3,1,1,0,0,1,0,0
0,77,39,5,4,2,1,0,0,1,0,0
0,77,41,5,1,4,1,0,0,1,0,0
0,78,8,5,2,2,1,0,0,1,0,0
0,78,22,5,2,1,1,0,0,1,0,0
0,79,12,5,2,1,1,0,0,1,0,0
0,79,13,5,1,4,1,0,0,1,0,0
0,80,5,5,4,1,1,0,0,1,0,0
0,80,6,5,1,4,1,0,0,1,0,0
0,80,13,5,2,8,1,0,0,1,0,0
0,80,32,5,1,4,1,0,0,1,0,0
0,80,36,5,4,1,1,0,0,1,0,0
0,80,41,5,1,4,1,0,0,1,0,0
0,81,6,5,2,4,1,0,0,1,0,0
0,81,10,5,2,3,1,0,0,1,0,0
0,81,30,5,1,4,1,0,0,1,0,0
0,81,34,5,1,2,1,0,0,1,0,0
0,81,39,5,1,4,1,0,0,1,0,0
0,81,43,5,4,2,1,0,0,1,0,0
0,82,13,5,1,2,1,0,0,1,0,0
0,82,15,5,3,2,1,0,0,1,0,0
0,82,17,5,1,2,1,0,0,1,0,0
0,82,28,5,2,8,1,0,0,1,0,0
0,82,39,5,2,4,1,0,0,1,0,0
0,83,7,5,2,8,1,0,0,1,0,0
0,83,17,5,1,4,1,0,0,1,0,0
0,84,19,5,4,1,1,0,0,1,0,0
0,84,31,5,1,1,1,0,0,1,0,0
0,84,32,5,2,1,1,0,0,1,0,0
0,85,6,5,1,4,1,0,0,1,0,0
0,85,10,5,1,1,1,0,0,1,0,0
0,85,11,5,2,3,1,0,0,1,0,0
0,85,14,5,4,2,1,0,0,1,0,0
0,85,16,5,4,1,1,0,0,1,0,0
0,85,28,5,1,4,1,0,0,1,0,0
0,85,42,5,1,2,1,0,0,1,0,0
0,86,7,5,1,4,1,0,0,1,0,0
0,86,40,5,1,4,1,0,0,1,0,0
0,87,12,5,1,1,1,0,0,1,0,0
0,87,13,5,2,1,1,0,0,1,0,0
0,87,17,5,1,2,1,0,0,1,0,0
0,87,29,5,3,1,1,0,0,1,0,0
0,87,30,5,2,4,1,0,0,1,0,0
0,87,34,5,1,4,1,0,0,1,0,0
0,87,38,5,1,4,1,0,0,1,0,0
0,88,34,5,2,2,1,0,0,1,0,0
0,68,16,5,2,4,1,0,0,1,0,0
0,68,20,5,3,1,1,0,0,1,0,0
0,68,34,5,1,2,1,0,0,1,0,0
0,69,9,5,1,4,1,0,0,1,0,0
0,70,7,5,1,4,1,0,0,1,0,0
0,72,28,5,4,2,1,0,0,1,0,0
0,75,4,5,1,1,1,0,0,1,0,0
0,76,2,5,1,3,1,0,0,1,0,0
0,77,1,5,1,4,1,0,0,1,0,0
0,77,46,5,1,2,1,0,0,1,0,0
0,78,0,5,2,8,1,0,0,1,0,0
0,78,41,5,2,8,1,0,0,1,0,0
0,80,1,5,1,4,1,0,0,1,0,0
0,80,46,5,1,2,1,0,0,1,0,0
0,81,2,5,1,3,1,0,0,1,0,0
0,82,4,5,1,1,1,0,0,1,0,0
0,84,27,5,1,4,1,0,0,1,0,0
0,87,8,5,1,4,1,0,0,1,0,0
0,87,20,5,1,1,1,0,0,1,0,0
0,88,9,5,1,4,1,0,0,1,0,0
0,88,17,5,2,4,1,0,0,1,0,0
0,88,36,5,1,1,1,0,0,1,0,0
0,89,12,5,1,2,1,0,0,1,0,0
0,70,21,5,1,1,1,0,1,1,0,0
0,74,47,5,1,1,1,0,1,1,0,0
0,75,49,5,1,1,1,0,1,1,0,0
0,82,49,5,1,1,1,0,1,1,0,0
0,83,47,5,1,1,1,0,1,1,0,0
0,69,21,5,1,1,1,0,1,1,0,0
0,75,48,5,1,1,1,0,1,1,0,0
0,82,48,5,1,1,1,0,1,1,0,0
0,74,46,5,1,1,1,0,1,1,0,0
0,83,48,5,1,1,1,0,1,1,0,0
0,72,46,5,1,1,1,0,1,1,0,0
0,85,46,5,1,1,1,0,1,1,0,0
0,88,8,5,1,1,1,0,1,1,0,0
0,109,21,5,2,1,1,0,0,1,0,0
0,108,37,5,4,1,1,0,0,1,0,0
0,108,38,5,3,1,1,0,0,1,0,0
0,109,36,5,2,1,1,0,0,1,0,0
0,111,36,5,1,1,1,0,1,1,0,0
0,9,21,6,8,2,1,0,0,1,0,0
0,9,23,6,8,2,1,0,0,1,0,0
0,9,25,6,8,2,1,0,0,1,0,0
0,9,29,6,4,1,1,0,0,1,0,0
0,11,17,6,8,2,1,0,0,1,0,0
0,11,30,6,4,1,1,0,0,1,0,0
0,11,31,6,1,4,1,0,0,1,0,0
0,12,14,6,8,2,1,0,0,1,0,0
0,12,16,6,4,1,1,0,0,1,0,0
0,12,31,6,3,2,1,0,0,1,0,0
0,13,29,6,4,1,1,0,0,1,0,0
0,14,33,6,1,3,1,0,0,1,0,0
0,14,36,6,1,4,1,0,0,1,0,0
0,15,30,6,2,2,1,0,0,1,0,0
0,15,32,6,2,8,1,0,0,1,0,0
0,16,10,6,2,1,1,0,0,1,0,0
0,16,16,6,4,1,1,0,0,1,0,0
0,16,27,6,3,2,1,0,0,1,0,0
0,17,11,6,1,1,1,0,0,1,0,0
0,17,19,6,2,8,1,0,0,1,0,0
0,17,29,6,2,1,1,0,0,1,0,0
0,17,30,6,2,8,1,0,0,1,0,0
0,17,38,6,2,8,1,0,0,1,0,0
0,19,17,6,3,1,1,0,0,1,0,0
0,19,18,6,1,4,1,0,0,1,0,0
0,19,22,6,1,1,1,0,0,1,0,0
0,19,23,6,8,2,1,0,0,1,0,0
0,19,25,6,4,1,1,0,0,1,0,0
0,19,26,6,1,3,1,0,0,1,0,0
0,19,29,6,4,1,1,0,0,1,0,0
0,19,32,6,1,4,1,0,0,1,0,0
0,19,36,6,1,4,1,0,0,1,0,0
0,20,18,6,1,2,1,0,0,1,0,0
0,20,22,6,4,1,1,0,0,1,0,0
0,20,28,6,4,1,1,0,0,1,0,0
0,20,32,6,2,8,1,0,0,1,0,0
0,21,18,6,4,2,1,0,0,1,0,0
0,22,14,6,1,4,1,0,0,1,0,0
0,22,32,6,3,1,1,0,0,1,0,0
0,23,16,6,1,2,1,0,0,1,0,0
0,23,25,6,4,1,1,0,0,1,0,0
0,24,33,6,1,2,1,0,0,1,0,0
0,8,20,6,1,3,1,0,0,1,0,0
0,8,27,6,8,2,1,0,0,1,0,0
0,9,19,6,8,2,1,0,0,1,0,0
0,9,30,6,2,4,1,0,0,1,0,0
0,10,15,6,1,4,1,0,0,1,0,0
0,10,34,6,1,3,1,0,0,1,0,0
0,11,13,6,1,4,1,0,0,1,0,0
0,11,35,6,1,4,1,0,0,1,0,0
0,12,10,6,4,1,1,0,0,1,0,0
0,12,12,6,8,2,1,0,0,1,0,0
0,12,33,6,2,8,1,0,0,1,0,0
0,13,11,6,4,1,1,0,0,1,0,0
0,14,9,6,4,1,1,0,0,1,0,0
0,18,9,6,2,3,1,0,0,1,0,0
0,19,30,6,8,2,1,0,0,1,0,0
0,20,9,6,2,8,1,0,0,1,0,0
0,20,20,6,8,2,1,0,0,1,0,0
0,20,26,6,8,2,1,0,0,1,0,0
0,22,10,6,1,4,1,0,0,1,0,0
0,22,33,6,2,8,1,0,0,1,0,0
0,23,12,6,1,4,1,0,0,1,0,0
0,23,29,6,4,1,1,0,0,1,0,0
0,24,14,6,1,4,1,0,0,1,0,0
0,24,22,6,4,1,1,0,0,1,0,0
0,24,28,6,4,1,1,0,0,1,0,0
0,24,35,6,1,4,1,0,0,1,0,0
0,25,16,6,1,4,1,0,0,1,0,0
0,25,32,6,1,4,1,0,0,1,0,0
0,11,40,6,1,1,1,0,1,1,0,0
0,20,8,6,1,1,1,0,1,1,0,0
0,10,40,6,1,1,1,0,1,1,0,0
0,16,41,6,1,1,1,0,1,1,0,0
0,15,41,6,1,1,1,0,1,1,0,0
0,68,12,6,1,2,1,0,0,1,0,0
0,69,9,6,1,4,1,0,0,1,0,0
0,69,13,6,1,1,1,0,0,1,0,0
0,69,14,6,8,2,1,0,0,1,0,0
0,70,8,6,1,4,1,0,0,1,0,0
0,70,12,6,2,2,1,0,0,1,0,0
0,70,16,6,4,1,1,0,0,1,0,0
0,70,17,6,1,4,1,0,0,1,0,0
0,71,7,6,1,4,1,0,0,1,0,0
0,71,11,6,1,1,1,0,0,1,0,0
0,72,6,6,1,4,1,0,0,1,0,0
0,72,10,6,1,1,1,0,0,1,0,0
0,72,11,6,2,3,1,0,0,1,0,0
0,72,28,6,1,2,1,0,0,1,0,0
0,73,7,6,1,4,1,0,0,1,0,0
0,73,28,6,1,4,1,0,0,1,0,0
0,74,10,6,2,4,1,0,0,1,0,0
0,74,16,6,4,1,1,0,0,1,0,0
0,74,28,6,2,2,1,0,0,1,0,0
0,74,30,6,1,1,1,0,0,1,0,0
0,74,33,6,8,2,1,0,0,1,0,0
0,74,35,6,2,8,1,0,0,1,0,0
0,75,7,6,2,3,1,0,0,1,0,0
0,75,31,6,1,1,1,0,0,1,0,0
0,76,2,6,1,4,1,0,0,1,0,0
0,76,6,6,1,1,1,0,0,1,0,0
0,76,10,6,2,4,1,0,0,1,0,0
0,76,35,6,2,8,1,0,0,1,0,0
0,77,8,6,1,2,1,0,0,1,0,0
0,77,14,6,1,2,1,0,0,1,0,0
0,77,21,6,3,1,1,0,0,1,0,0
0,78,8,6,2,1,1,0,0,1,0,0
0,78,9,6,2,8,1,0,0,1,0,0
0,78,20,6,2,1,1,0,0,1,0,0
0,78,22,6,2,1,1,0,0,1,0,0
0,78,35,6,2,8,1,0,0,1,0,0
0,79,0,6,1,4,1,0,0,1,0,0
0,79,4,6,1,4,1,0,0,1,0,0
0,80,1,6,1,4,1,0,0,1,0,0
0,80,5,6,1,1,1,0,0,1,0,0
0,80,6,6,2,8,1,0,0,1,0,0
0,80,14,6,1,1,1,0,0,1,0,0
0,80,15,6,1,4,1,0,0,1,0,0
0,80,35,6,2,8,1,0,0,1,0,0
0,81,2,6,1,4,1,0,0,1,0,0
0,81,14,6,2,4,1,0,0,1,0,0
0,82,28,6,4,2,1,0,0,1,0,0
0,82,31,6,2,1,1,0,0,1,0,0
0,82,33,6,2,2,1,0,0,1,0,0
0,82,35,6,2,8,1,0,0,1,0,0
0,83,14,6,1,1,1,0,0,1,0,0
0,83,15,6,1,4,1,0,0,1,0,0
0,83,30,6,2,1,1,0,0,1,0,0
0,84,7,6,1,4,1,0,0,1,0,0
0,84,11,6,3,2,1,0,0,1,0,0
0,84,13,6,1,4,1,0,0,1,0,0
0,85,6,6,1,4,1,0,0,1,0,0
0,85,10,6,1,1,1,0,0,1,0,0
0,85,13,6,4,1,1,0,0,1,0,0
0,85,14,6,4,2,1,0,0,1,0,0
0,85,16,6,3,1,1,0,0,1,0,0
0,86,7,6,1,4,1,0,0,1,0,0
0,87,8,6,1,4,1,0,0,1,0,0
0,87,12,6,1,1,1,0,0,1,0,0
0,87,17,6,1,3,1,0,0,1,0,0
0,88,9,6,1,4,1,0,0,1,0,0
0,89,12,6,1,2,1,0,0,1,0,0
0,68,15,6,1,4,1,0,0,1,0,0
0,68,20,6,2,2,1,0,0,1,0,0
0,70,21,6,1,1,1,0,0,1,0,0
0,73,4,6,2,2,1,0,0,1,0,0
0,74,6,6,1,4,1,0,0,1,0,0
0,74,45,6,1,3,1,0,0,1,0,0
0,75,3,6,1,4,1,0,0,1,0,0
0,75,43,6,1,3,1,0,0,1,0,0
0,75,46,6,1,4,1,0,0,1,0,0
0,76,43,6,2,8,1,0,0,1,0,0
0,77,0,6,2,8,1,0,0,1,0,0
0,78,43,6,2,8,1,0,0,1,0,0
0,80,43,6,2,8,1,0,0,1,0,0
0,82,4,6,3,2,1,0,0,1,0,0
0,82,6,6,2,8,1,0,0,1,0,0
0,82,44,6,1,2,1,0,0,1,0,0
0,82,46,6,1,4,1,0,0,1,0,0
0,83,46,6,1,2,1,0,0,1,0,0
0,87,20,6,3,2,1,0,0,1,0,0
0,88,16,6,2,4,1,0,0,1,0,0
0,83,48,6,1,1,1,0,1,1,0,0
0,72,46,6,1,1,1,0,1,1,0,0
0,85,46,6,1,1,1,0,1,1,0,0
0,88,8,6,1,1,1,0,1,1,0,0
0,109,21,6,2,1,1,0,0,1,0,0
0,108,36,6,4,1,1,0,0,1,0,0
0,108,37,6,4,2,1,0,0,1,0,0
0,8,20,7,1,2,1,0,0,1,0,0
0,8,27,7,8,2,1,0,0,1,0,0
0,9,21,7,4,1,1,0,0,1,0,0
0,9,22,7,8,2,1,0,0,1,0,0
0,9,24,7,8,2,1,0,0,1,0,0
0,9,26,7,4,1,1,0,0,1,0,0
0,9,30,7,8,2,1,0,0,1,0,0
0,10,18,7,8,2,1,0,0,1,0,0
0,10,20,7,4,1,1,0,0,1,0,0
0,10,32,7,4,1,1,0,0,1,0,0
0,10,33,7,1,1,1,0,0,1,0,0
0,12,29,7,4,1,1,0,0,1,0,0
0,13,17,7,2,1,1,0,0,1,0,0
0,13,21,7,1,1,1,0,0,1,0,0
0,13,26,7,4,1,1,0,0,1,0,0
0,14,20,7,4,2,1,0,0,1,0,0
0,14,32,7,4,1,1,0,0,1,0,0
0,15,16,7,4,2,1,0,0,1,0,0
0,16,27,7,1,3,1,0,0,1,0,0
0,17,22,7,2,8,1,0,0,1,0,0
0,17,30,7,8,2,1,0,0,1,0,0
0,17,33,7,2,1,1,0,0,1,0,0
0,17,34,7,2,4,1,0,0,1,0,0
0,17,38,7,2,8,1,0,0,1,0,0
0,18,18,7,1,4,1,0,0,1,0,0
0,18,32,7,2,1,1,0,0,1,0,0
0,19,16,7,2,8,1,0,0,1,0,0
0,19,24,7,2,1,1,0,0,1,0,0
0,19,25,7,4,2,1,0,0,1,0,0
0,19,27,7,1,2,1,0,0,1,0,0
0,19,29,7,4,1,1,0,0,1,0,0
0,19,33,7,1,4,1,0,0,1,0,0
0,20,27,7,8,2,1,0,0,1,0,0
0,20,32,7,4,1,1,0,0,1,0,0
0,21,17,7,2,8,1,0,0,1,0,0
0,22,33,7,2,8,1,0,0,1,0,0
0,23,18,7,2,8,1,0,0,1,0,0
0,23,26,7,4,1,1,0,0,1,0,0
0,23,29,7,4,1,1,0,0,1,0,0
0,24,32,7,1,4,1,0,0,1,0,0
0,27,20,7,1,2,1,0,0,1,0,0
0,8,29,7,4,1,1,0,0,1,0,0
0,9,17,7,1,4,1,0,0,1,0,0
0,9,32,7,1,4,1,0,0,1,0,0
0,10,14,7,1,4,1,0,0,1,0,0
0,10,34,7,1,4,1,0,0,1,0,0
0,11,10,7,2,8,1,0,0,1,0,0
0,11,33,7,2,8,1,0,0,1,0,0
0,13,9,7,2,8,1,0,0,1,0,0
0,13,33,7,2,8,1,0,0,1,0,0
0,15,8,7,2,8,1,0,0,1,0,0
0,15,33,7,2,8,1,0,0,1,0,0
0,17,8,7,2,8,1,0,0,1,0,0
0,19,8,7,2,8,1,0,0,1,0,0
0,19,37,7,1,4,1,0,0,1,0,0
0,20,33,7,2,8,1,0,0,1,0,0
0,21,9,7,2,8,1,0,0,1,0,0
0,23,10,7,2,8,1,0,0,1,0,0
0,24,36,7,1,4,1,0,0,1,0,0
0,25,14,7,1,4,1,0,0,1,0,0
0,25,18,7,2,8,1,0,0,1,0,0
0,25,30,7,2,4,1,0,0,1,0,0
0,25,34,7,1,4,1,0,0,1,0,0
0,10,40,7,1,1,1,0,1,1,0,0
0,16,41,7,1,1,1,0,1,1,0,0
0,15,41,7,1,1,1,0,1,1,0,0
0,68,13,7,3,1,1,0,0,1,0,0
0,68,20,7,1,2,1,0,0,1,0,0
0,69,11,7,3,2,1,0,0,1,0,0
0,69,14,7,2,1,1,0,0,1,0,0
0,69,21,7,1,1,1,0,0,1,0,0
0,70,18,7,1,4,1,0,0,1,0,0
0,71,16,7,4,1,1,0,0,1,0,0
0,72,7,7,1,1,1,0,0,1,0,0
0,72,8,7,2,3,1,0,0,1,0,0
0,73,29,7,2,1,1,0,0,1,0,0
0,73,30,7,1,1,1,0,0,1,0,0
0,74,8,7,4,2,1,0,0,1,0,0
0,74,33,7,8,2,1,0,0,1,0,0
0,74,35,7,2,8,1,0,0,1,0,0
0,75,3,7,1,4,1,0,0,1,0,0
0,75,7,7,2,1,1,0,0,1,0,0
0,75,16,7,4,1,1,0,0,1,0,0
0,75,43,7,4,1,1,0,0,1,0,0
0,75,46,7,1,1,1,0,0,1,0,0
0,76,2,7,1,4,1,0,0,1,0,0
0,76,6,7,1,1,1,0,0,1,0,0
0,76,35,7,2,2,1,0,0,1,0,0
0,76,37,7,2,4,1,0,0,1,0,0
0,76,41,7,8,2,1,0,0,1,0,0
0,77,1,7,1,4,1,0,0,1,0,0
0,77,5,7,1,3,1,0,0,1,0,0
0,77,13,7,4,2,1,0,0,1,0,0
0,77,21,7,3,1,1,0,0,1,0,0
0,78,0,7,2,8,1,0,0,1,0,0
0,78,8,7,2,4,1,0,0,1,0,0
0,78,15,7,2,1,1,0,0,1,0,0
0,78,20,7,2,1,1,0,0,1,0,0
0,78,22,7,2,1,1,0,0,1,0,0
0,78,35,7,4,2,1,0,0,1,0,0
0,78,37,7,4,2,1,0,0,1,0,0
0,78,39,7,4,2,1,0,0,1,0,0
0,80,1,7,1,4,1,0,0,1,0,0
0,80,5,7,1,1,1,0,0,1,0,0
0,80,6,7,2,4,1,0,0,1,0,0
0,80,16,7,1,2,1,0,0,1,0,0
0,81,2,7,1,4,1,0,0,1,0,0
0,82,5,7,1,4,1,0,0,1,0,0
0,82,9,7,2,1,1,0,0,1,0,0
0,82,33,7,2,8,1,0,0,1,0,0
0,82,45,7,1,2,1,0,0,1,0,0
0,83,8,7,1,1,1,0,0,1,0,0
0,83,16,7,1,2,1,0,0,1,0,0
0,83,29,7,2,1,1,0,0,1,0,0
0,84,8,7,2,3,1,0,0,1,0,0
0,84,16,7,4,1,1,0,0,1,0,0
0,84,30,7,1,1,1,0,0,1,0,0
0,85,7,7,1,1,1,0,0,1,0,0
0,86,11,7,2,2,1,0,0,1,0,0
0,87,13,7,1,3,1,0,0,1,0,0
0,87,17,7,1,3,1,0,0,1,0,0
0,87,20,7,3,2,1,0,0,1,0,0
0,88,12,7,1,4,1,0,0,1,0,0
0,88,16,7,2,4,1,0,0,1,0,0
0,68,15,7,3,2,1,0,0,1,0,0
0,68,17,7,3,1,1,0,0,1,0,0
0,70,7,7,2,4,1,0,0,1,0,0
0,73,4,7,2,4,1,0,0,1,0,0
0,74,44,7,2,2,1,0,0,1,0,0
0,74,46,7,1,4,1,0,0,1,0,0
0,75,47,7,1,4,1,0,0,1,0,0
0,76,44,7,2,8,1,0,0,1,0,0
0,78,44,7,2,8,1,0,0,1,0,0
0,79,43,7,4,1,1,0,0,1,0,0
0,80,44,7,2,8,1,0,0,1,0,0
0,82,44,7,2,1,1,0,0,1,0,0
0,82,47,7,1,4,1,0,0,1,0,0
0,83,4,7,2,4,1,0,0,1,0,0
0,83,45,7,1,4,1,0,0,1,0,0
0,86,7,7,2,4,1,0,0,1,0,0
0,72,46,7,1,1,1,0,1,1,0,0
0,85,46,7,1,1,1,0,1,1,0,0
0,88,8,7,1,1,1,0,1,1,0,0
0,108,36,7,1,3,1,0,0,1,0,0
0,109,21,7,2,1,1,0,0,1,0,0
0,111,36,7,1,3,1,0,0,1,0,0
0,109,36,7,2,4,1,0,0,1,0,0
0,8,20,8,4,1,1,0,0,1,0,0
0,8,28,8,8,2,1,0,0,1,0,0
0,9,18,8,8,2,1,0,0,1,0,0
0,9,21,8,8,2,1,0,0,1,0,0
0,9,23,8,4,1,1,0,0,1,0,0
0,9,33,8,4,1,1,0,0,1,0,0
0,10,15,8,4,1,1,0,0,1,0,0
0,10,34,8,1,3,1,0,0,1,0,0
0,11,10,8,1,1,1,0,0,1,0,0
0,11,12,8,4,1,1,0,0,1,0,0
0,12,20,8,4,1,1,0,0,1,0,0
0,12,30,8,4,1,1,0,0,1,0,0
0,13,23,8,4,1,1,0,0,1,0,0
0,13,33,8,4,1,1,0,0,1,0,0
0,14,13,8,1,3,1,0,0,1,0,0
0,15,15,8,4,1,1,0,0,1,0,0
0,16,20,8,1,1,1,0,0,1,0,0
0,16,24,8,2,8,1,0,0,1,0,0
0,16,32,8,2,1,1,0,0,1,0,0
0,17,16,8,2,8,1,0,0,1,0,0
0,17,33,8,1,1,1,0,0,1,0,0
0,17,34,8,1,4,1,0,0,1,0,0
0,17,38,8,2,8,1,0,0,1,0,0
0,18,24,8,1,4,1,0,0,1,0,0
0,18,28,8,2,2,1,0,0,1,0,0
0,18,30,8,2,8,1,0,0,1,0,0
0,19,15,8,2,1,1,0,0,1,0,0
0,19,18,8,8,2,1,0,0,1,0,0
0,19,20,8,1,1,1,0,0,1,0,0
0,19,21,8,8,2,1,0,0,1,0,0
0,19,23,8,8,2,1,0,0,1,0,0
0,19,25,8,8,2,1,0,0,1,0,0
0,19,27,8,4,1,1,0,0,1,0,0
0,20,20,8,4,1,1,0,0,1,0,0
0,20,32,8,3,1,1,0,0,1,0,0
0,20,33,8,4,1,1,0,0,1,0,0
0,21,12,8,4,1,1,0,0,1,0,0
0,21,13,8,1,3,1,0,0,1,0,0
0,22,15,8,4,1,1,0,0,1,0,0
0,23,27,8,4,1,1,0,0,1,0,0
0,23,32,8,4,1,1,0,0,1,0,0
0,24,10,8,1,1,1,0,0,1,0,0
0,24,20,8,4,1,1,0,0,1,0,0
0,8,24,8,8,2,1,0,0,1,0,0
0,8,26,8,8,2,1,0,0,1,0,0
0,8,30,8,4,1,1,0,0,1,0,0
0,8,31,8,8,2,1,0,0,1,0,0
0,9,16,8,8,2,1,0,0,1,0,0
0,9,34,8,1,4,1,0,0,1,0,0
0,10,11,8,4,1,1,0,0,1,0,0
0,10,13,8,4,2,1,0,0,1,0,0
0,10,37,8,1,4,1,0,0,1,0,0
0,11,34,8,2,8,1,0,0,1,0,0
0,12,9,8,2,2,1,0,0,1,0,0
0,13,34,8,2,8,1,0,0,1,0,0
0,14,8,8,1,4,1,0,0,1,0,0
0,15,7,8,2,8,1,0,0,1,0,0
0,15,34,8,2,8,1,0,0,1,0,0
0,17,7,8,2,8,1,0,0,1,0,0
0,19,7,8,2,8,1,0,0,1,0,0
0,19,16,8,8,2,1,0,0,1,0,0
0,19,38,8,1,4,1,0,0,1,0,0
0,20,28,8,8,2,1,0,0,1,0,0
0,20,30,8,8,2,1,0,0,1,0,0
0,20,34,8,2,8,1,0,0,1,0,0
0,21,8,8,1,4,1,0,0,1,0,0
0,22,9,8,2,2,1,0,0,1,0,0
0,22,11,8,4,1,1,0,0,1,0,0
0,22,13,8,4,2,1,0,0,1,0,0
0,22,34,8,2,8,1,0,0,1,0,0
0,24,33,8,2,8,1,0,0,1,0,0
0,26,33,8,1,4,1,0,0,1,0,0
0,68,17,8,3,1,1,0,0,1,0,0
0,69,12,8,1,4,1,0,0,1,0,0
0,69,16,8,1,1,1,0,0,1,0,0
0,70,11,8,1,4,1,0,0,1,0,0
0,70,15,8,1,1,1,0,0,1,0,0
0,70,18,8,1,2,1,0,0,1,0,0
0,71,9,8,1,4,1,0,0,1,0,0
0,72,9,8,1,2,1,0,0,1,0,0
0,73,6,8,2,1,1,0,0,1,0,0
0,74,44,8,2,2,1,0,0,1,0,0
0,74,46,8,1,4,1,0,0,1,0,0
0,75,5,8,1,4,1,0,0,1,0,0
0,75,9,8,1,1,1,0,0,1,0,0
0,75,33,8,2,8,1,0,0,1,0,0
0,75,41,8,4,1,1,0,0,1,0,0
0,75,42,8,4,2,1,0,0,1,0,0
0,75,46,8,1,1,1,0,0,1,0,0
0,75,47,8,1,4,1,0,0,1,0,0
0,76,2,8,2,8,1,0,0,1,0,0
0,76,44,8,2,8,1,0,0,1,0,0
0,77,13,8,1,2,1,0,0,1,0,0
0,77,21,8,3,1,1,0,0,1,0,0
0,77,33,8,2,8,1,0,0,1,0,0
0,78,1,8,2,8,1,0,0,1,0,0
0,78,9,8,2,1,1,0,0,1,0,0
0,78,14,8,2,2,1,0,0,1,0,0
0,78,20,8,2,1,1,0,0,1,0,0
0,78,22,8,2,1,1,0,0,1,0,0
0,78,44,8,1,4,1,0,0,1,0,0
0,78,48,8,1,4,1,0,0,1,0,0
0,79,33,8,2,8,1,0,0,1,0,0
0,79,41,8,4,2,1,0,0,1,0,0
0,79,43,8,2,1,1,0,0,1,0,0
0,79,44,8,2,8,1,0,0,1,0,0
0,80,2,8,2,8,1,0,0,1,0,0
0,80,13,8,1,2,1,0,0,1,0,0
0,81,33,8,2,8,1,0,0,1,0,0
0,81,43,8,2,8,1,0,0,1,0,0
0,82,5,8,1,4,1,0,0,1,0,0
0,82,9,8,1,1,1,0,0,1,0,0
0,83,6,8,1,3,1,0,0,1,0,0
0,83,44,8,1,2,1,0,0,1,0,0
0,84,8,8,4,1,1,0,0,1,0,0
0,86,12,8,3,1,1,0,0,1,0,0
0,87,13,8,2,4,1,0,0,1,0,0
0,87,17,8,1,4,1,0,0,1,0,0
0,88,17,8,2,4,1,0,0,1,0,0
0,68,20,8,3,1,1,0,0,1,0,0
0,69,6,8,4,2,1,0,0,1,0,0
0,69,8,8,4,1,1,0,0,1,0,0
0,72,46,8,1,1,1,0,0,1,0,0
0,73,7,8,2,4,1,0,0,1,0,0
0,78,11,8,2,2,1,0,0,1,0,0
0,83,9,8,4,2,1,0,0,1,0,0
0,83,46,8,1,4,1,0,0,1,0,0
0,84,6,8,4,2,1,0,0,1,0,0
0,85,11,8,3,1,1,0,0,1,0,0
0,85,46,8,1,1,1,0,0,1,0,0
0,88,7,8,1,2,1,0,0,1,0,0
0,108,36,8,1,3,1,0,0,1,0,0
0,109,21,8,2,1,1,0,0,1,0,0
0,109,36,8,2,4,1,0,0,1,0,0
0,111,36,8,1,3,1,0,0,1,0,0
0,68,20,9,3,1,1,0,0,1,0,0
0,69,7,9,1,2,1,0,0,1,0,0
0,70,6,9,4,2,1,0,0,1,0,0
0,70,8,9,1,1,1,0,0,1,0,0
0,70,19,9,1,1,1,0,0,1,0,0
0,71,8,9,2,3,1,0,0,1,0,0
0,73,8,9,1,2,1,0,0,1,0,0
0,74,7,9,1,4,1,0,0,1,0,0
0,74,44,9,2,2,1,0,0,1,0,0
0,74,46,9,1,4,1,0,0,1,0,0
0,75,7,9,3,1,1,0,0,1,0,0
0,75,8,9,3,2,1,0,0,1,0,0
0,75,33,9,8,2,1,0,0,1,0,0
0,75,35,9,1,4,1,0,0,1,0,0
0,75,39,9,2,2,1,0,0,1,0,0
0,75,41,9,4,1,1,0,0,1,0,0
0,75,42,9,4,2,1,0,0,1,0,0
0,75,46,9,1,1,1,0,0,1,0,0
0,75,47,9,1,4,1,0,0,1,0,0
0,76,35,9,1,2,1,0,0,1,0,0
0,76,37,9,4,2,1,0,0,1,0,0
0,76,44,9,2,8,1,0,0,1,0,0
0,77,3,9,1,4,1,0,0,1,0,0
0,77,13,9,1,2,1,0,0,1,0,0
0,77,21,9,3,1,1,0,0,1,0,0
0,78,2,9,2,8,1,0,0,1,0,0
0,78,14,9,2,2,1,0,0,1,0,0
0,78,20,9,2,1,1,0,0,1,0,0
0,78,22,9,2,1,1,0,0,1,0,0
0,78,36,9,2,1,1,0,0,1,0,0
0,78,44,9,1,4,1,0,0,1,0,0
0,78,48,9,1,4,1,0,0,1,0,0
0,79,41,9,2,3,1,0,0,1,0,0
0,79,44,9,2,8,1,0,0,1,0,0
0,80,3,9,1,4,1,0,0,1,0,0
0,80,7,9,1,2,1,0,0,1,0,0
0,80,9,9,3,1,1,0,0,1,0,0
0,80,13,9,1,2,1,0,0,1,0,0
0,81,5,9,2,4,1,0,0,1,0,0
0,81,35,9,2,8,1,0,0,1,0,0
0,81,43,9,2,8,1,0,0,1,0,0
0,83,6,9,1,4,1,0,0,1,0,0
0,83,10,9,4,1,1,0,0,1,0,0
0,83,44,9,1,2,1,0,0,1,0,0
0,83,46,9,1,4,1,0,0,1,0,0
0,84,6,9,4,2,1,0,0,1,0,0
0,84,8,9,4,1,1,0,0,1,0,0
0,84,9,9,2,1,1,0,0,1,0,0
0,87,17,9,2,4,1,0,0,1,0,0
0,88,7,9,1,2,1,0,0,1,0,0
0,89,17,9,1,4,1,0,0,1,0,0
0,68,17,9,3,2,1,0,0,1,0,0
0,71,46,9,2,2,1,0,0,1,0,0
0,74,5,9,3,2,1,0,0,1,0,0
0,77,11,9,4,2,1,0,0,1,0,0
0,85,46,9,2,2,1,0,0,1,0,0
0,80,38,9,1,1,1,0,1,1,0,0
0,80,36,9,1,1,1,0,1,1,0,0
0,79,35,9,1,1,1,0,1,1,0,0
0,109,37,9,2,2,1,0,0,1,0,0
0,71,6,10,2,3,1,0,0,1,0,0
0,73,6,10,1,4,1,0,0,1,0,0
0,74,5,10,2,4,1,0,0,1,0,0
0,74,9,10,3,1,1,0,0,1,0,0
0,74,44,10,2,2,1,0,0,1,0,0
0,74,46,10,1,4,1,0,0,1,0,0
0,75,43,10,4,1,1,0,0,1,0,0
0,75,46,10,1,1,1,0,0,1,0,0
0,75,47,10,1,4,1,0,0,1,0,0
0,76,5,10,1,4,1,0,0,1,0,0
0,76,42,10,2,1,1,0,0,1,0,0
0,76,44,10,2,8,1,0,0,1,0,0
0,77,6,10,1,4,1,0,0,1,0,0
0,77,21,10,3,1,1,0,0,1,0,0
0,77,37,10,1,2,1,0,0,1,0,0
0,78,5,10,2,4,1,0,0,1,0,0
0,78,9,10,2,1,1,0,0,1,0,0
0,78,11,10,2,2,1,0,0,1,0,0
0,78,20,10,2,1,1,0,0,1,0,0
0,78,22,10,2,1,1,0,0,1,0,0
0,78,36,10,2,3,1,0,0,1,0,0
0,78,42,10,4,1,1,0,0,1,0,0
0,78,44,10,2,8,1,0,0,1,0,0
0,79,43,10,4,1,1,0,0,1,0,0
0,80,7,10,1,3,1,0,0,1,0,0
0,81,5,10,2,4,1,0,0,1,0,0
0,81,9,10,4,1,1,0,0,1,0,0
0,82,44,10,2,2,1,0,0,1,0,0
0,82,46,10,1,1,1,0,0,1,0,0
0,82,47,10,1,4,1,0,0,1,0,0
0,83,6,10,4,2,1,0,0,1,0,0
0,83,8,10,3,1,1,0,0,1,0,0
0,83,46,10,1,4,1,0,0,1,0,0
0,71,46,10,3,2,1,0,0,1,0,0
0,80,44,10,2,8,1,0,0,1,0,0
0,84,46,10,3,2,1,0,0,1,0,0
0,76,39,10,1,1,1,0,1,1,0,0
0,81,39,10,1,1,1,0,1,1,0,0
0,80,38,10,1,1,1,0,1,1,0,0
0,80,36,10,1,1,1,0,1,1,0,0
0,79,35,10,1,1,1,0,1,1,0,0
0,109,37,10,2,2,1,0,0,1,0,0
0,71,46,11,3,2,1,0,0,1,0,0
0,74,8,11,3,2,1,0,0,1,0,0
0,74,45,11,1,4,1,0,0,1,0,0
0,75,5,11,1,1,1,0,0,1,0,0
0,75,43,11,2,8,1,0,0,1,0,0
0,76,42,11,2,1,1,0,0,1,0,0
0,77,7,11,1,3,1,0,0,1,0,0
0,77,37,11,3,2,1,0,0,1,0,0
0,77,43,11,1,1,1,0,0,1,0,0
0,77,44,11,2,8,1,0,0,1,0,0
0,78,5,11,2,4,1,0,0,1,0,0
0,78,9,11,1,1,1,0,0,1,0,0
0,78,20,11,2,3,1,0,0,1,0,0
0,78,36,11,2,1,1,0,0,1,0,0
0,78,42,11,4,2,1,0,0,1,0,0
0,79,9,11,4,1,1,0,0,1,0,0
0,79,44,11,2,8,1,0,0,1,0,0
0,80,7,11,1,1,1,0,0,1,0,0
0,80,8,11,4,1,1,0,0,1,0,0
0,81,44,11,2,2,1,0,0,1,0,0
0,81,46,11,1,1,1,0,0,1,0,0
0,81,47,11,1,4,1,0,0,1,0,0
0,82,5,11,1,1,1,0,0,1,0,0
0,82,46,11,1,4,1,0,0,1,0,0
0,83,45,11,1,4,1,0,0,1,0,0
0,84,46,11,3,2,1,0,0,1,0,0
0,76,39,11,1,1,1,0,1,1,0,0
0,81,39,11,1,1,1,0,1,1,0,0
0,80,38,11,1,1,1,0,1,1,0,0
0,80,36,11,1,1,1,0,1,1,0,0
0,79,35,11,1,1,1,0,1,1,0,0
0,109,37,11,2,2,1,0,0,1,0,0
0,72,46,12,1,1,1,0,0,1,0,0
0,75,44,12,3,1,1,0,0,1,0,0
0,75,45,12,1,4,1,0,0,1,0,0
0,76,9,12,4,1,1,0,0,1,0,0
0,76,45,12,1,1,1,0,0,1,0,0
0,76,46,12,1,4,1,0,0,1,0,0
0,77,8,12,4,1,1,0,0,1,0,0
0,77,37,12,1,2,1,0,0,1,0,0
0,77,42,12,3,1,1,0,0,1,0,0
0,77,43,12,4,1,1,0,0,1,0,0
0,77,45,12,1,2,1,0,0,1,0,0
0,77,47,12,1,4,1,0,0,1,0,0
0,78,5,12,2,2,1,0,0,1,0,0
0,78,20,12,2,3,1,0,0,1,0,0
0,78,36,12,2,3,1,0,0,1,0,0
0,78,44,12,2,8,1,0,0,1,0,0
0,80,9,12,2,1,1,0,0,1,0,0
0,80,44,12,2,2,1,0,0,1,0,0
0,80,46,12,1,1,1,0,0,1,0,0
0,80,47,12,1,4,1,0,0,1,0,0
0,81,46,12,1,4,1,0,0,1,0,0
0,82,45,12,1,4,1,0,0,1,0,0
0,85,46,12,1,1,1,0,0,1,0,0
0,76,39,12,1,1,1,0,1,1,0,0
0,81,39,12,1,1,1,0,1,1,0,0
0,80,38,12,1,1,1,0,1,1,0,0
0,80,36,12,1,1,1,0,1,1,0,0
0,79,35,12,1,1,1,0,1,1,0,0
0,109,37,12,2,2,1,0,0,1,0,0
0,76,45,13,1,4,1,0,0,1,0,0
0,77,37,13,3,2,1,0,0,1,0,0
0,77,44,13,1,2,1,0,0,1,0,0
0,77,47,13,1,1,1,0,0,1,0,0
0,77,48,13,4,2,1,0,0,1,0,0
0,78,20,13,2,3,1,0,0,1,0,0
0,78,36,13,2,1,1,0,0,1,0,0
0,78,44,13,2,1,1,0,0,1,0,0
0,80,44,13,1,4,1,0,0,1,0,0
0,81,45,13,1,4,1,0,0,1,0,0
0,76,39,13,1,1,1,0,1,1,0,0
0,81,39,13,1,1,1,0,1,1,0,0
0,80,38,13,1,1,1,0,1,1,0,0
0,80,36,13,1,1,1,0,1,1,0,0
0,79,35,13,1,1,1,0,1,1,0,0
0,109,37,13,2,1,1,0,0,1,0,0
0,78,20,14,2,3,1,0,0,1,0,0
0,77,36,14,1,3,1,0,0,1,0,0
0,78,36,14,1,4,1,0,0,1,0,0
0,79,36,14,2,4,1,0,0,1,0,0
0,76,39,14,1,1,1,0,1,1,0,0
0,81,39,14,1,1,1,0,1,1,0,0
0,79,35,14,1,1,1,0,1,1,0,0
0,76,36,15,1,4,1,0,0,1,0,0
0,77,37,15,4,2,1,0,0,1,0,0
0,78,20,15,2,3,1,0,0,1,0,0
0,77,35,15,4,2,1,0,0,1,0,0
0,77,39,15,4,2,1,0,0,1,0,0
0,81,36,15,1,4,1,0,0,1,0,0
0,77,37,16,2,2,1,0,0,1,0,0
0,78,20,16,2,3,1,0,0,1,0,0
0,78,36,16,1,1,1,0,0,1,0,0
0,79,36,16,1,4,1,0,0,1,0,0
0,80,39,16,1,2,1,0,0,1,0,0
0,80,38,16,1,1,1,0,1,1,0,0
0,80,36,16,1,1,1,0,1,1,0,0
0,79,35,16,1,1,1,0,1,1,0,0
0,77,37,17,3,1,1,0,0,1,0,0
0,78,20,17,2,3,1,0,0,1,0,0
0,78,36,17,2,1,1,0,0,1,0,0
0,78,38,17,2,1,1,0,0,1,0,0
0,80,38,17,1,1,1,0,1,1,0,0
0,80,36,17,1,1,1,0,1,1,0,0
0,79,35,17,1,1,1,0,1,1,0,0
0,78,20,18,2,3,1,0,0,1,0,0
0,78,36,18,2,3,1,0,0,1,0,0
0,80,38,18,1,1,1,0,1,1,0,0
0,80,36,18,1,1,1,0,1,1,0,0
0,79,35,18,1,1,1,0,1,1,0,0
0,78,20,19,2,3,1,0,0,1,0,0
0,78,36,19,2,3,1,0,0,1,0,0
0,80,38,19,1,1,1,0,1,1,0,0
0,80,36,19,1,1,1,0,1,1,0,0
0,79,35,19,1,1,1,0,1,1,0,0
0,78,20,20,2,3,1,0,0,1,0,0
0,78,36,20,2,3,1,0,0,1,0,0
0,80,38,20,1,1,1,0,1,1,0,0
0,80,36,20,1,1,1,0,1,1,0,0
0,79,35,20,1,1,1,0,1,1,0,0
0,78,20,21,2,3,1,0,0,1,0,0
0,78,36,21,2,1,1,0,0,1,0,0
0,77,37,21,4,2,1,0,0,1,0,0
0,80,36,21,1,1,1,0,1,1,0,0
0,79,35,21,1,1,1,0,1,1,0,0
0,78,20,22,2,3,1,0,0,1,0,0
0,77,36,22,2,3,1,0,0,1,0,0
0,79,36,22,1,4,1,0,0,1,0,0
0,80,38,22,1,1,1,0,1,1,0,0
0,80,36,22,1,1,1,0,1,1,0,0
0,79,35,22,1,1,1,0,1,1,0,0
0,77,36,23,2,3,1,0,0,1,0,0
0,78,20,23,2,3,1,0,0,1,0,0
0,79,36,23,1,4,1,0,0,1,0,0
0,80,37,23,1,2,1,0,0,1,0,0
0,80,36,23,1,1,1,0,1,1,0,0
0,79,35,23,1,1,1,0,1,1,0,0
0,77,36,24,1,3,1,0,0,1,0,0
0,78,20,24,2,3,1,0,0,1,0,0
0,78,36,24,2,4,1,0,0,1,0,0
0,80,36,24,1,3,1,0,0,1,0,0
0,79,35,24,1,1,1,0,1,1,0,0
0,77,36,25,4,1,1,0,0,1,0,0
0,77,37,25,1,1,1,0,0,1,0,0
0,78,20,25,2,3,1,0,0,1,0,0
0,77,38,25,4,2,1,0,0,1,0,0
0,78,35,25,2,1,1,0,0,1,0,0
0,78,37,25,4,1,1,0,0,1,0,0
0,78,20,26,2,3,1,0,0,1,0,0
0,78,37,26,1,2,1,0,0,1,0,0
0,79,37,26,1,3,1,0,0,1,0,0
0,78,20,27,2,1,1,0,0,1,0,0
0,78,22,27,2,1,1,0,0,1,0,0
0,78,37,27,2,2,1,0,0,1,0,0
0,77,21,27,3,1,1,0,0,1,0,0
0,78,22,28,2,1,1,0,0,1,0,0
0,78,37,28,2,2,1,0,0,1,0,0
0,77,20,28,4,2,1,0,0,1,0,0
0,77,20,29,4,2,1,0,0,1,0,0
0,78,22,29,2,1,1,0,0,1,0,0
0,78,37,29,2,2,1,0,0,1,0,0
