0,44,6,1,8,2,1,0,0,1,0,0
0,44,8,1,8,2,1,0,0,1,0,0
0,44,10,1,8,2,1,0,0,1,0,0
0,44,12,1,8,2,1,0,0,1,0,0
0,44,14,1,4,1,1,0,0,1,0,0
0,45,4,1,4,2,1,0,0,1,0,0
0,46,20,1,4,2,1,0,0,1,0,0
0,46,22,1,1,1,1,0,0,1,0,0
0,47,22,1,2,2,1,0,0,1,0,0
0,48,14,1,4,1,1,0,0,1,0,0
0,49,4,1,2,2,1,0,0,1,0,0
0,49,22,1,1,1,1,0,0,1,0,0
0,51,5,1,1,1,1,0,0,1,0,0
0,52,8,1,1,4,1,0,0,1,0,0
0,52,12,1,1,3,1,0,0,1,0,0
0,56,8,1,8,2,1,0,0,1,0,0
0,56,10,1,8,2,1,0,0,1,0,0
0,56,12,1,8,2,1,0,0,1,0,0
0,56,14,1,4,1,1,0,0,1,0,0
0,57,5,1,1,1,1,0,0,1,0,0
0,57,6,1,8,2,1,0,0,1,0,0
0,58,4,1,2,2,1,0,0,1,0,0
0,59,20,1,4,2,1,0,0,1,0,0
0,59,22,1,1,1,1,0,0,1,0,0
0,60,4,1,4,2,1,0,0,1,0,0
0,60,14,1,4,1,1,0,0,1,0,0
0,60,22,1,2,2,1,0,0,1,0,0
0,62,22,1,1,1,1,0,0,1,0,0
0,64,8,1,1,4,1,0,0,1,0,0
0,64,12,1,1,3,1,0,0,1,0,0
0,49,3,1,1,1,1,0,1,1,0,0
0,61,3,1,1,1,1,0,1,1,0,0
0,48,3,1,1,1,1,0,1,1,0,0
0,60,3,1,1,1,1,0,1,1,0,0
0,50,22,1,1,1,1,0,1,1,0,0
0,64,16,1,1,1,1,0,1,1,0,0
0,58,22,1,1,1,1,0,1,1,0,0
0,50,21,1,1,1,1,0,1,1,0,0
0,45,18,1,1,1,1,0,1,1,0,0
0,51,18,1,1,1,1,0,1,1,0,0
0,63,18,1,1,1,1,0,1,1,0,0
0,45,22,1,1,1,1,0,1,1,0,0
0,63,22,1,1,1,1,0,1,1,0,0
0,44,21,1,1,1,1,0,1,1,0,0
0,64,21,1,1,1,1,0,1,1,0,0
0,41,19,1,1,1,1,0,1,1,0,0
0,41,23,1,1,1,1,0,1,1,0,0
0,54,23,1,1,1,1,0,1,1,0,0
0,67,19,1,1,1,1,0,1,1,0,0
0,67,23,1,1,1,1,0,1,1,0,0
0,54,22,1,1,1,1,0,1,1,0,0
0,41,21,1,1,1,1,0,1,1,0,0
0,43,16,1,1,1,1,0,1,1,0,0
0,42,17,1,1,1,1,0,1,1,0,0
0,43,25,1,1,1,1,0,1,1,0,0
0,44,26,1,1,1,1,0,1,1,0,0
0,44,25,1,1,1,1,0,1,1,0,0
0,46,27,1,1,1,1,0,1,1,0,0
0,50,27,1,1,1,1,0,1,1,0,0
0,52,26,1,1,1,1,0,1,1,0,0
0,52,16,1,1,1,1,0,1,1,0,0
0,53,25,1,1,1,1,0,1,1,0,0
0,53,19,1,1,1,1,0,1,1,0,0
0,55,19,1,1,1,1,0,1,1,0,0
0,56,16,1,1,1,1,0,1,1,0,0
0,55,17,1,1,1,1,0,1,1,0,0
0,55,25,1,1,1,1,0,1,1,0,0
0,56,15,1,1,1,1,0,1,1,0,0
0,56,25,1,1,1,1,0,1,1,0,0
0,58,26,1,1,1,1,0,1,1,0,0
0,61,27,1,1,1,1,0,1,1,0,0
0,63,27,1,1,1,1,0,1,1,0,0
0,65,26,1,1,1,1,0,1,1,0,0
0,66,16,1,1,1,1,0,1,1,0,0
0,66,24,1,1,1,1,0,1,1,0,0
0,66,17,1,1,1,1,0,1,1,0,0
0,67,22,1,1,1,1,0,1,1,0,0
0,42,21,1,1,1,1,0,1,1,0,0
0,46,26,1,1,1,1,0,1,1,0,0
0,51,26,1,1,1,1,0,1,1,0,0
0,54,24,1,1,1,1,0,1,1,0,0
0,55,18,1,1,1,1,0,1,1,0,0
0,63,26,1,1,1,1,0,1,1,0,0
0,65,25,1,1,1,1,0,1,1,0,0
0,67,18,1,1,1,1,0,1,1,0,0
0,43,24,1,1,1,1,0,1,1,0,0
0,49,16,1,1,1,1,0,1,1,0,0
0,49,27,1,1,1,1,0,1,1,0,0
0,51,21,1,1,1,1,0,1,1,0,0
0,53,17,1,1,1,1,0,1,1,0,0
0,52,24,1,1,1,1,0,1,1,0,0
0,55,24,1,1,1,1,0,1,1,0,0
0,57,26,1,1,1,1,0,1,1,0,0
0,57,21,1,1,1,1,0,1,1,0,0
0,62,16,1,1,1,1,0,1,1,0,0
0,60,27,1,1,1,1,0,1,1,0,0
0,55,21,1,1,1,1,0,1,1,0,0
0,65,17,1,1,1,1,0,1,1,0,0
0,48,16,1,1,1,1,0,1,1,0,0
0,44,24,1,1,1,1,0,1,1,0,0
0,46,18,1,1,1,1,0,1,1,0,0
0,52,18,1,1,1,1,0,1,1,0,0
0,61,16,1,1,1,1,0,1,1,0,0
0,56,18,1,1,1,1,0,1,1,0,0
0,62,18,1,1,1,1,0,1,1,0,0
0,64,24,1,1,1,1,0,1,1,0,0
0,44,6,2,8,2,1,0,0,1,0,0
0,45,4,2,4,2,1,0,0,1,0,0
0,46,20,2,1,3,1,0,0,1,0,0
0,47,20,2,2,4,1,0,0,1,0,0
0,49,4,2,2,2,1,0,0,1,0,0
0,49,20,2,1,3,1,0,0,1,0,0
0,51,5,2,1,1,1,0,0,1,0,0
0,52,8,2,1,4,1,0,0,1,0,0
0,52,12,2,1,3,1,0,0,1,0,0
0,56,8,2,2,4,1,0,0,1,0,0
0,56,12,2,2,2,1,0,0,1,0,0
0,56,14,2,1,1,1,0,0,1,0,0
0,57,5,2,1,1,1,0,0,1,0,0
0,57,6,2,8,2,1,0,0,1,0,0
0,58,4,2,2,2,1,0,0,1,0,0
0,59,20,2,1,3,1,0,0,1,0,0
0,60,4,2,4,2,1,0,0,1,0,0
0,60,20,2,2,4,1,0,0,1,0,0
0,62,20,2,1,3,1,0,0,1,0,0
0,64,8,2,1,4,1,0,0,1,0,0
0,44,8,2,2,8,1,0,0,1,0,0
0,46,8,2,2,8,1,0,0,1,0,0
0,47,3,2,3,1,1,0,0,1,0,0
0,48,8,2,2,8,1,0,0,1,0,0
0,50,8,2,2,8,1,0,0,1,0,0
0,57,14,2,1,2,1,0,0,1,0,0
0,58,8,2,2,8,1,0,0,1,0,0
0,59,3,2,3,1,1,0,0,1,0,0
0,60,8,2,2,8,1,0,0,1,0,0
0,62,8,2,2,8,1,0,0,1,0,0
0,64,12,2,1,4,1,0,0,1,0,0
0,50,22,2,1,1,1,0,1,1,0,0
0,64,16,2,1,1,1,0,1,1,0,0
0,58,22,2,1,1,1,0,1,1,0,0
0,50,21,2,1,1,1,0,1,1,0,0
0,45,18,2,1,1,1,0,1,1,0,0
0,51,18,2,1,1,1,0,1,1,0,0
0,63,18,2,1,1,1,0,1,1,0,0
0,45,22,2,1,1,1,0,1,1,0,0
0,63,22,2,1,1,1,0,1,1,0,0
0,44,21,2,1,1,1,0,1,1,0,0
0,64,21,2,1,1,1,0,1,1,0,0
0,41,19,2,1,1,1,0,1,1,0,0
0,41,23,2,1,1,1,0,1,1,0,0
0,54,23,2,1,1,1,0,1,1,0,0
0,67,19,2,1,1,1,0,1,1,0,0
0,67,23,2,1,1,1,0,1,1,0,0
0,54,22,2,1,1,1,0,1,1,0,0
0,41,21,2,1,1,1,0,1,1,0,0
0,43,16,2,1,1,1,0,1,1,0,0
0,42,17,2,1,1,1,0,1,1,0,0
0,43,25,2,1,1,1,0,1,1,0,0
0,44,26,2,1,1,1,0,1,1,0,0
0,44,25,2,1,1,1,0,1,1,0,0
0,46,27,2,1,1,1,0,1,1,0,0
0,50,27,2,1,1,1,0,1,1,0,0
0,52,26,2,1,1,1,0,1,1,0,0
0,52,16,2,1,1,1,0,1,1,0,0
0,53,25,2,1,1,1,0,1,1,0,0
0,53,19,2,1,1,1,0,1,1,0,0
0,55,19,2,1,1,1,0,1,1,0,0
0,56,16,2,1,1,1,0,1,1,0,0
0,55,17,2,1,1,1,0,1,1,0,0
0,55,25,2,1,1,1,0,1,1,0,0
0,56,15,2,1,1,1,0,1,1,0,0
0,56,25,2,1,1,1,0,1,1,0,0
0,58,26,2,1,1,1,0,1,1,0,0
0,61,27,2,1,1,1,0,1,1,0,0
0,63,27,2,1,1,1,0,1,1,0,0
0,65,26,2,1,1,1,0,1,1,0,0
0,66,16,2,1,1,1,0,1,1,0,0
0,66,24,2,1,1,1,0,1,1,0,0
0,66,17,2,1,1,1,0,1,1,0,0
0,67,22,2,1,1,1,0,1,1,0,0
0,42,21,2,1,1,1,0,1,1,0,0
0,46,26,2,1,1,1,0,1,1,0,0
0,51,26,2,1,1,1,0,1,1,0,0
0,54,24,2,1,1,1,0,1,1,0,0
0,55,18,2,1,1,1,0,1,1,0,0
0,63,26,2,1,1,1,0,1,1,0,0
0,65,25,2,1,1,1,0,1,1,0,0
0,67,18,2,1,1,1,0,1,1,0,0
0,43,24,2,1,1,1,0,1,1,0,0
0,49,16,2,1,1,1,0,1,1,0,0
0,49,27,2,1,1,1,0,1,1,0,0
0,51,21,2,1,1,1,0,1,1,0,0
0,53,17,2,1,1,1,0,1,1,0,0
0,52,24,2,1,1,1,0,1,1,0,0
0,55,24,2,1,1,1,0,1,1,0,0
0,57,26,2,1,1,1,0,1,1,0,0
0,57,21,2,1,1,1,0,1,1,0,0
0,62,16,2,1,1,1,0,1,1,0,0
0,60,27,2,1,1,1,0,1,1,0,0
0,55,21,2,1,1,1,0,1,1,0,0
0,65,17,2,1,1,1,0,1,1,0,0
0,48,16,2,1,1,1,0,1,1,0,0
0,44,24,2,1,1,1,0,1,1,0,0
0,46,18,2,1,1,1,0,1,1,0,0
0,52,18,2,1,1,1,0,1,1,0,0
0,61,16,2,1,1,1,0,1,1,0,0
0,56,18,2,1,1,1,0,1,1,0,0
0,62,18,2,1,1,1,0,1,1,0,0
0,64,24,2,1,1,1,0,1,1,0,0
0,44,6,3,2,8,1,0,0,1,0,0
0,44,14,3,2,1,1,0,0,1,0,0
0,45,4,3,4,2,1,0,0,1,0,0
0,46,6,3,4,1,1,0,0,1,0,0
0,46,20,3,4,2,1,0,0,1,0,0
0,46,22,3,1,1,1,0,0,1,0,0
0,47,22,3,2,2,1,0,0,1,0,0
0,49,4,3,2,2,1,0,0,1,0,0
0,49,22,3,1,1,1,0,0,1,0,0
0,50,6,3,2,2,1,0,0,1,0,0
0,51,5,3,1,1,1,0,0,1,0,0
0,51,8,3,2,4,1,0,0,1,0,0
0,51,12,3,2,2,1,0,0,1,0,0
0,51,14,3,2,1,1,0,0,1,0,0
0,56,8,3,2,4,1,0,0,1,0,0
0,56,12,3,2,2,1,0,0,1,0,0
0,56,14,3,2,1,1,0,0,1,0,0
0,57,5,3,1,1,1,0,0,1,0,0
0,57,6,3,2,2,1,0,0,1,0,0
0,58,4,3,2,2,1,0,0,1,0,0
0,59,6,3,4,1,1,0,0,1,0,0
0,59,20,3,4,2,1,0,0,1,0,0
0,59,22,3,1,1,1,0,0,1,0,0
0,60,4,3,4,2,1,0,0,1,0,0
0,60,22,3,2,2,1,0,0,1,0,0
0,62,22,3,1,1,1,0,0,1,0,0
0,63,6,3,2,8,1,0,0,1,0,0
0,63,14,3,2,1,1,0,0,1,0,0
0,44,15,3,8,2,1,0,0,1,0,0
0,46,3,3,4,1,1,0,0,1,0,0
0,57,15,3,8,2,1,0,0,1,0,0
0,59,3,3,4,1,1,0,0,1,0,0
0,49,8,3,1,1,1,0,1,1,0,0
0,50,22,3,1,1,1,0,1,1,0,0
0,58,9,3,1,1,1,0,1,1,0,0
0,58,22,3,1,1,1,0,1,1,0,0
0,61,8,3,1,1,1,0,1,1,0,0
0,62,8,3,1,1,1,0,1,1,0,0
0,50,21,3,1,1,1,0,1,1,0,0
0,48,8,3,1,1,1,0,1,1,0,0
0,45,18,3,1,1,1,0,1,1,0,0
0,46,10,3,1,1,1,0,1,1,0,0
0,51,18,3,1,1,1,0,1,1,0,0
0,60,8,3,1,1,1,0,1,1,0,0
0,58,10,3,1,1,1,0,1,1,0,0
0,62,10,3,1,1,1,0,1,1,0,0
0,63,18,3,1,1,1,0,1,1,0,0
0,45,22,3,1,1,1,0,1,1,0,0
0,62,11,3,1,1,1,0,1,1,0,0
0,63,22,3,1,1,1,0,1,1,0,0
0,46,12,3,1,1,1,0,1,1,0,0
0,62,12,3,1,1,1,0,1,1,0,0
0,44,21,3,1,1,1,0,1,1,0,0
0,47,11,3,1,1,1,0,1,1,0,0
0,64,21,3,1,1,1,0,1,1,0,0
0,49,13,3,1,1,1,0,1,1,0,0
0,59,13,3,1,1,1,0,1,1,0,0
0,41,19,3,1,1,1,0,1,1,0,0
0,41,23,3,1,1,1,0,1,1,0,0
0,54,23,3,1,1,1,0,1,1,0,0
0,67,19,3,1,1,1,0,1,1,0,0
0,67,23,3,1,1,1,0,1,1,0,0
0,54,22,3,1,1,1,0,1,1,0,0
0,41,21,3,1,1,1,0,1,1,0,0
0,43,16,3,1,1,1,0,1,1,0,0
0,42,17,3,1,1,1,0,1,1,0,0
0,43,25,3,1,1,1,0,1,1,0,0
0,44,26,3,1,1,1,0,1,1,0,0
0,44,25,3,1,1,1,0,1,1,0,0
0,46,27,3,1,1,1,0,1,1,0,0
0,50,27,3,1,1,1,0,1,1,0,0
0,52,26,3,1,1,1,0,1,1,0,0
0,52,16,3,1,1,1,0,1,1,0,0
0,53,25,3,1,1,1,0,1,1,0,0
0,53,19,3,1,1,1,0,1,1,0,0
0,55,19,3,1,1,1,0,1,1,0,0
0,56,16,3,1,1,1,0,1,1,0,0
0,55,17,3,1,1,1,0,1,1,0,0
0,55,25,3,1,1,1,0,1,1,0,0
0,56,15,3,1,1,1,0,1,1,0,0
0,56,25,3,1,1,1,0,1,1,0,0
0,58,26,3,1,1,1,0,1,1,0,0
0,61,27,3,1,1,1,0,1,1,0,0
0,63,27,3,1,1,1,0,1,1,0,0
0,65,26,3,1,1,1,0,1,1,0,0
0,66,16,3,1,1,1,0,1,1,0,0
0,66,24,3,1,1,1,0,1,1,0,0
0,66,17,3,1,1,1,0,1,1,0,0
0,67,22,3,1,1,1,0,1,1,0,0
0,42,21,3,1,1,1,0,1,1,0,0
0,46,26,3,1,1,1,0,1,1,0,0
0,51,26,3,1,1,1,0,1,1,0,0
0,54,24,3,1,1,1,0,1,1,0,0
0,55,18,3,1,1,1,0,1,1,0,0
0,63,26,3,1,1,1,0,1,1,0,0
0,65,25,3,1,1,1,0,1,1,0,0
0,67,18,3,1,1,1,0,1,1,0,0
0,43,24,3,1,1,1,0,1,1,0,0
0,49,27,3,1,1,1,0,1,1,0,0
0,51,21,3,1,1,1,0,1,1,0,0
0,53,17,3,1,1,1,0,1,1,0,0
0,52,24,3,1,1,1,0,1,1,0,0
0,55,24,3,1,1,1,0,1,1,0,0
0,57,26,3,1,1,1,0,1,1,0,0
0,57,21,3,1,1,1,0,1,1,0,0
0,60,27,3,1,1,1,0,1,1,0,0
0,55,21,3,1,1,1,0,1,1,0,0
0,65,17,3,1,1,1,0,1,1,0,0
0,44,24,3,1,1,1,0,1,1,0,0
0,46,18,3,1,1,1,0,1,1,0,0
0,52,18,3,1,1,1,0,1,1,0,0
0,56,18,3,1,1,1,0,1,1,0,0
0,62,18,3,1,1,1,0,1,1,0,0
0,64,24,3,1,1,1,0,1,1,0,0
0,44,7,4,1,1,1,0,0,1,0,0
0,44,8,4,2,8,1,0,0,1,0,0
0,45,5,4,1,3,1,0,0,1,0,0
0,46,20,4,2,2,1,0,0,1,0,0
0,46,22,4,1,1,1,0,0,1,0,0
0,47,22,4,1,2,1,0,0,1,0,0
0,50,4,4,1,2,1,0,0,1,0,0
0,51,10,4,2,4,1,0,0,1,0,0
0,52,9,4,1,1,1,0,0,1,0,0
0,56,9,4,2,4,1,0,0,1,0,0
0,56,13,4,2,1,1,0,0,1,0,0
0,57,6,4,1,2,1,0,0,1,0,0
0,60,20,4,2,4,1,0,0,1,0,0
0,62,4,4,1,1,1,0,0,1,0,0
0,62,5,4,2,2,1,0,0,1,0,0
0,62,20,4,1,3,1,0,0,1,0,0
0,63,7,4,2,8,1,0,0,1,0,0
0,63,15,4,2,1,1,0,0,1,0,0
0,44,16,4,8,2,1,0,0,1,0,0
0,46,4,4,2,4,1,0,0,1,0,0
0,46,8,4,4,1,1,0,0,1,0,0
0,48,4,4,2,4,1,0,0,1,0,0
0,48,20,4,2,4,1,0,0,1,0,0
0,50,6,4,2,4,1,0,0,1,0,0
0,50,14,4,2,2,1,0,0,1,0,0
0,50,20,4,1,3,1,0,0,1,0,0
0,57,8,4,4,1,1,0,0,1,0,0
0,57,14,4,2,2,1,0,0,1,0,0
0,57,16,4,8,2,1,0,0,1,0,0
0,58,4,4,2,4,1,0,0,1,0,0
0,58,9,4,1,1,1,0,0,1,0,0
0,58,20,4,2,2,1,0,0,1,0,0
0,58,22,4,1,1,1,0,0,1,0,0
0,59,22,4,1,2,1,0,0,1,0,0
0,60,4,4,2,4,1,0,0,1,0,0
0,61,8,4,1,1,1,0,0,1,0,0
0,62,7,4,1,2,1,0,0,1,0,0
0,45,18,4,1,1,1,0,1,1,0,0
0,46,10,4,1,1,1,0,1,1,0,0
0,51,18,4,1,1,1,0,1,1,0,0
0,58,10,4,1,1,1,0,1,1,0,0
0,62,10,4,1,1,1,0,1,1,0,0
0,63,18,4,1,1,1,0,1,1,0,0
0,45,22,4,1,1,1,0,1,1,0,0
0,62,11,4,1,1,1,0,1,1,0,0
0,63,22,4,1,1,1,0,1,1,0,0
0,46,12,4,1,1,1,0,1,1,0,0
0,62,12,4,1,1,1,0,1,1,0,0
0,44,21,4,1,1,1,0,1,1,0,0
0,47,11,4,1,1,1,0,1,1,0,0
0,64,21,4,1,1,1,0,1,1,0,0
0,49,13,4,1,1,1,0,1,1,0,0
0,59,13,4,1,1,1,0,1,1,0,0
0,41,19,4,1,1,1,0,1,1,0,0
0,41,23,4,1,1,1,0,1,1,0,0
0,54,23,4,1,1,1,0,1,1,0,0
0,67,19,4,1,1,1,0,1,1,0,0
0,67,23,4,1,1,1,0,1,1,0,0
0,54,22,4,1,1,1,0,1,1,0,0
0,41,21,4,1,1,1,0,1,1,0,0
0,43,16,4,1,1,1,0,1,1,0,0
0,42,17,4,1,1,1,0,1,1,0,0
0,43,25,4,1,1,1,0,1,1,0,0
0,44,26,4,1,1,1,0,1,1,0,0
0,44,25,4,1,1,1,0,1,1,0,0
0,46,27,4,1,1,1,0,1,1,0,0
0,50,27,4,1,1,1,0,1,1,0,0
0,52,26,4,1,1,1,0,1,1,0,0
0,52,16,4,1,1,1,0,1,1,0,0
0,53,25,4,1,1,1,0,1,1,0,0
0,53,19,4,1,1,1,0,1,1,0,0
0,55,19,4,1,1,1,0,1,1,0,0
0,56,16,4,1,1,1,0,1,1,0,0
0,55,17,4,1,1,1,0,1,1,0,0
0,55,25,4,1,1,1,0,1,1,0,0
0,56,15,4,1,1,1,0,1,1,0,0
0,56,25,4,1,1,1,0,1,1,0,0
0,58,26,4,1,1,1,0,1,1,0,0
0,61,27,4,1,1,1,0,1,1,0,0
0,63,27,4,1,1,1,0,1,1,0,0
0,65,26,4,1,1,1,0,1,1,0,0
0,66,16,4,1,1,1,0,1,1,0,0
0,66,24,4,1,1,1,0,1,1,0,0
0,66,17,4,1,1,1,0,1,1,0,0
0,67,22,4,1,1,1,0,1,1,0,0
0,42,21,4,1,1,1,0,1,1,0,0
0,46,26,4,1,1,1,0,1,1,0,0
0,51,26,4,1,1,1,0,1,1,0,0
0,54,24,4,1,1,1,0,1,1,0,0
0,55,18,4,1,1,1,0,1,1,0,0
0,63,26,4,1,1,1,0,1,1,0,0
0,65,25,4,1,1,1,0,1,1,0,0
0,67,18,4,1,1,1,0,1,1,0,0
0,43,24,4,1,1,1,0,1,1,0,0
0,49,27,4,1,1,1,0,1,1,0,0
0,51,21,4,1,1,1,0,1,1,0,0
0,53,17,4,1,1,1,0,1,1,0,0
0,52,24,4,1,1,1,0,1,1,0,0
0,55,24,4,1,1,1,0,1,1,0,0
0,57,26,4,1,1,1,0,1,1,0,0
0,57,21,4,1,1,1,0,1,1,0,0
0,60,27,4,1,1,1,0,1,1,0,0
0,55,21,4,1,1,1,0,1,1,0,0
0,65,17,4,1,1,1,0,1,1,0,0
0,44,24,4,1,1,1,0,1,1,0,0
0,46,18,4,1,1,1,0,1,1,0,0
0,52,18,4,1,1,1,0,1,1,0,0
0,56,18,4,1,1,1,0,1,1,0,0
0,62,18,4,1,1,1,0,1,1,0,0
0,64,24,4,1,1,1,0,1,1,0,0
0,44,10,5,2,8,1,0,0,1,0,0
0,46,7,5,4,1,1,0,0,1,0,0
0,49,20,5,2,2,1,0,0,1,0,0
0,50,14,5,2,4,1,0,0,1,0,0
0,50,22,5,1,1,1,0,0,1,0,0
0,51,9,5,1,1,1,0,0,1,0,0
0,51,11,5,2,2,1,0,0,1,0,0
0,51,13,5,2,1,1,0,0,1,0,0
0,56,11,5,1,1,1,0,0,1,0,0
0,56,12,5,2,2,1,0,0,1,0,0
0,57,9,5,1,3,1,0,0,1,0,0
0,57,14,5,2,2,1,0,0,1,0,0
0,57,16,5,2,1,1,0,0,1,0,0
0,58,20,5,2,2,1,0,0,1,0,0
0,58,22,5,1,1,1,0,0,1,0,0
0,59,7,5,4,1,1,0,0,1,0,0
0,63,10,5,2,8,1,0,0,1,0,0
0,45,8,5,4,2,1,0,0,1,0,0
0,45,18,5,1,1,1,0,0,1,0,0
0,45,20,5,2,2,1,0,0,1,0,0
0,46,10,5,1,1,1,0,0,1,0,0
0,46,17,5,4,2,1,0,0,1,0,0
0,46,22,5,4,2,1,0,0,1,0,0
0,47,19,5,2,2,1,0,0,1,0,0
0,49,8,5,2,2,1,0,0,1,0,0
0,50,10,5,2,1,1,0,0,1,0,0
0,50,18,5,2,1,1,0,0,1,0,0
0,57,17,5,4,2,1,0,0,1,0,0
0,58,8,5,2,2,1,0,0,1,0,0
0,58,10,5,1,1,1,0,0,1,0,0
0,59,22,5,4,2,1,0,0,1,0,0
0,60,8,5,4,2,1,0,0,1,0,0
0,60,19,5,2,2,1,0,0,1,0,0
0,61,17,5,2,2,1,0,0,1,0,0
0,62,10,5,1,1,1,0,0,1,0,0
0,62,20,5,2,2,1,0,0,1,0,0
0,63,18,5,1,1,1,0,0,1,0,0
0,45,22,5,1,1,1,0,1,1,0,0
0,62,11,5,1,1,1,0,1,1,0,0
0,63,22,5,1,1,1,0,1,1,0,0
0,46,12,5,1,1,1,0,1,1,0,0
0,62,12,5,1,1,1,0,1,1,0,0
0,44,21,5,1,1,1,0,1,1,0,0
0,47,11,5,1,1,1,0,1,1,0,0
0,64,21,5,1,1,1,0,1,1,0,0
0,49,13,5,1,1,1,0,1,1,0,0
0,59,13,5,1,1,1,0,1,1,0,0
0,41,19,5,1,1,1,0,1,1,0,0
0,41,23,5,1,1,1,0,1,1,0,0
0,54,23,5,1,1,1,0,1,1,0,0
0,67,19,5,1,1,1,0,1,1,0,0
0,67,23,5,1,1,1,0,1,1,0,0
0,54,22,5,1,1,1,0,1,1,0,0
0,41,21,5,1,1,1,0,1,1,0,0
0,43,16,5,1,1,1,0,1,1,0,0
0,42,17,5,1,1,1,0,1,1,0,0
0,43,25,5,1,1,1,0,1,1,0,0
0,44,26,5,1,1,1,0,1,1,0,0
0,44,25,5,1,1,1,0,1,1,0,0
0,46,27,5,1,1,1,0,1,1,0,0
0,50,27,5,1,1,1,0,1,1,0,0
0,52,26,5,1,1,1,0,1,1,0,0
0,52,16,5,1,1,1,0,1,1,0,0
0,53,25,5,1,1,1,0,1,1,0,0
0,53,19,5,1,1,1,0,1,1,0,0
0,55,19,5,1,1,1,0,1,1,0,0
0,56,16,5,1,1,1,0,1,1,0,0
0,55,17,5,1,1,1,0,1,1,0,0
0,55,25,5,1,1,1,0,1,1,0,0
0,56,15,5,1,1,1,0,1,1,0,0
0,56,25,5,1,1,1,0,1,1,0,0
0,58,26,5,1,1,1,0,1,1,0,0
0,61,27,5,1,1,1,0,1,1,0,0
0,63,27,5,1,1,1,0,1,1,0,0
0,65,26,5,1,1,1,0,1,1,0,0
0,66,16,5,1,1,1,0,1,1,0,0
0,66,24,5,1,1,1,0,1,1,0,0
0,66,17,5,1,1,1,0,1,1,0,0
0,67,22,5,1,1,1,0,1,1,0,0
0,42,21,5,1,1,1,0,1,1,0,0
0,46,26,5,1,1,1,0,1,1,0,0
0,51,26,5,1,1,1,0,1,1,0,0
0,54,24,5,1,1,1,0,1,1,0,0
0,55,18,5,1,1,1,0,1,1,0,0
0,63,26,5,1,1,1,0,1,1,0,0
0,65,25,5,1,1,1,0,1,1,0,0
0,67,18,5,1,1,1,0,1,1,0,0
0,43,24,5,1,1,1,0,1,1,0,0
0,49,16,5,1,1,1,0,1,1,0,0
0,49,27,5,1,1,1,0,1,1,0,0
0,51,21,5,1,1,1,0,1,1,0,0
0,53,17,5,1,1,1,0,1,1,0,0
0,52,24,5,1,1,1,0,1,1,0,0
0,55,24,5,1,1,1,0,1,1,0,0
0,57,26,5,1,1,1,0,1,1,0,0
0,57,21,5,1,1,1,0,1,1,0,0
0,62,16,5,1,1,1,0,1,1,0,0
0,60,27,5,1,1,1,0,1,1,0,0
0,55,21,5,1,1,1,0,1,1,0,0
0,65,17,5,1,1,1,0,1,1,0,0
0,48,16,5,1,1,1,0,1,1,0,0
0,44,24,5,1,1,1,0,1,1,0,0
0,52,18,5,1,1,1,0,1,1,0,0
0,61,16,5,1,1,1,0,1,1,0,0
0,56,18,5,1,1,1,0,1,1,0,0
0,64,24,5,1,1,1,0,1,1,0,0
0,44,12,6,2,4,1,0,0,1,0,0
0,44,16,6,2,2,1,0,0,1,0,0
0,45,10,6,1,1,1,0,0,1,0,0
0,46,22,6,4,2,1,0,0,1,0,0
0,47,18,6,2,2,1,0,0,1,0,0
0,50,22,6,1,1,1,0,0,1,0,0
0,51,18,6,1,1,1,0,0,1,0,0
0,57,18,6,1,1,1,0,0,1,0,0
0,58,22,6,1,1,1,0,0,1,0,0
0,59,22,6,4,2,1,0,0,1,0,0
0,60,18,6,2,2,1,0,0,1,0,0
0,63,10,6,1,1,1,0,0,1,0,0
0,63,11,6,2,4,1,0,0,1,0,0
0,63,15,6,2,2,1,0,0,1,0,0
0,63,17,6,2,1,1,0,0,1,0,0
0,44,11,6,3,1,1,0,0,1,0,0
0,45,18,6,2,4,1,0,0,1,0,0
0,45,22,6,1,1,1,0,0,1,0,0
0,46,9,6,4,2,1,0,0,1,0,0
0,49,18,6,2,4,1,0,0,1,0,0
0,50,10,6,2,8,1,0,0,1,0,0
0,57,10,6,2,8,1,0,0,1,0,0
0,58,18,6,2,4,1,0,0,1,0,0
0,59,9,6,4,2,1,0,0,1,0,0
0,62,11,6,1,1,1,0,0,1,0,0
0,62,18,6,2,4,1,0,0,1,0,0
0,63,22,6,1,1,1,0,0,1,0,0
0,46,12,6,1,1,1,0,1,1,0,0
0,62,12,6,1,1,1,0,1,1,0,0
0,44,21,6,1,1,1,0,1,1,0,0
0,47,11,6,1,1,1,0,1,1,0,0
0,64,21,6,1,1,1,0,1,1,0,0
0,49,13,6,1,1,1,0,1,1,0,0
0,59,13,6,1,1,1,0,1,1,0,0
0,41,19,6,1,1,1,0,1,1,0,0
0,41,23,6,1,1,1,0,1,1,0,0
0,54,23,6,1,1,1,0,1,1,0,0
0,67,19,6,1,1,1,0,1,1,0,0
0,67,23,6,1,1,1,0,1,1,0,0
0,54,22,6,1,1,1,0,1,1,0,0
0,41,21,6,1,1,1,0,1,1,0,0
0,43,16,6,1,1,1,0,1,1,0,0
0,42,17,6,1,1,1,0,1,1,0,0
0,43,25,6,1,1,1,0,1,1,0,0
0,44,26,6,1,1,1,0,1,1,0,0
0,44,25,6,1,1,1,0,1,1,0,0
0,46,27,6,1,1,1,0,1,1,0,0
0,50,27,6,1,1,1,0,1,1,0,0
0,52,26,6,1,1,1,0,1,1,0,0
0,52,16,6,1,1,1,0,1,1,0,0
0,53,25,6,1,1,1,0,1,1,0,0
0,53,19,6,1,1,1,0,1,1,0,0
0,55,19,6,1,1,1,0,1,1,0,0
0,56,16,6,1,1,1,0,1,1,0,0
0,55,17,6,1,1,1,0,1,1,0,0
0,55,25,6,1,1,1,0,1,1,0,0
0,56,15,6,1,1,1,0,1,1,0,0
0,56,25,6,1,1,1,0,1,1,0,0
0,58,26,6,1,1,1,0,1,1,0,0
0,61,27,6,1,1,1,0,1,1,0,0
0,63,27,6,1,1,1,0,1,1,0,0
0,65,26,6,1,1,1,0,1,1,0,0
0,66,16,6,1,1,1,0,1,1,0,0
0,66,24,6,1,1,1,0,1,1,0,0
0,66,17,6,1,1,1,0,1,1,0,0
0,67,22,6,1,1,1,0,1,1,0,0
0,42,21,6,1,1,1,0,1,1,0,0
0,46,26,6,1,1,1,0,1,1,0,0
0,51,26,6,1,1,1,0,1,1,0,0
0,54,24,6,1,1,1,0,1,1,0,0
0,55,18,6,1,1,1,0,1,1,0,0
0,63,26,6,1,1,1,0,1,1,0,0
0,65,25,6,1,1,1,0,1,1,0,0
0,67,18,6,1,1,1,0,1,1,0,0
0,43,24,6,1,1,1,0,1,1,0,0
0,49,16,6,1,1,1,0,1,1,0,0
0,49,27,6,1,1,1,0,1,1,0,0
0,51,21,6,1,1,1,0,1,1,0,0
0,53,17,6,1,1,1,0,1,1,0,0
0,52,24,6,1,1,1,0,1,1,0,0
0,55,24,6,1,1,1,0,1,1,0,0
0,57,26,6,1,1,1,0,1,1,0,0
0,57,21,6,1,1,1,0,1,1,0,0
0,62,16,6,1,1,1,0,1,1,0,0
0,60,27,6,1,1,1,0,1,1,0,0
0,55,21,6,1,1,1,0,1,1,0,0
0,65,17,6,1,1,1,0,1,1,0,0
0,48,16,6,1,1,1,0,1,1,0,0
0,44,24,6,1,1,1,0,1,1,0,0
0,52,18,6,1,1,1,0,1,1,0,0
0,61,16,6,1,1,1,0,1,1,0,0
0,56,18,6,1,1,1,0,1,1,0,0
0,64,24,6,1,1,1,0,1,1,0,0
0,44,12,7,2,4,1,0,0,1,0,0
0,44,16,7,2,2,1,0,0,1,0,0
0,45,19,7,2,2,1,0,0,1,0,0
0,45,21,7,2,1,1,0,0,1,0,0
0,45,22,7,1,1,1,0,0,1,0,0
0,46,22,7,4,2,1,0,0,1,0,0
0,47,10,7,1,1,1,0,0,1,0,0
0,49,19,7,1,1,1,0,0,1,0,0
0,49,20,7,2,2,1,0,0,1,0,0
0,50,11,7,1,1,1,0,0,1,0,0
0,50,22,7,1,1,1,0,0,1,0,0
0,58,20,7,2,2,1,0,0,1,0,0
0,58,22,7,1,1,1,0,0,1,0,0
0,59,10,7,1,1,1,0,0,1,0,0
0,59,19,7,1,1,1,0,0,1,0,0
0,59,22,7,4,2,1,0,0,1,0,0
0,62,11,7,2,1,1,0,0,1,0,0
0,62,19,7,2,1,1,0,0,1,0,0
0,62,20,7,2,2,1,0,0,1,0,0
0,63,12,7,2,4,1,0,0,1,0,0
0,63,16,7,2,2,1,0,0,1,0,0
0,63,22,7,1,1,1,0,0,1,0,0
0,44,18,7,2,1,1,0,0,1,0,0
0,45,11,7,3,1,1,0,0,1,0,0
0,46,12,7,1,1,1,0,0,1,0,0
0,48,10,7,2,2,1,0,0,1,0,0
0,50,12,7,2,8,1,0,0,1,0,0
0,57,12,7,2,8,1,0,0,1,0,0
0,58,11,7,2,1,1,0,0,1,0,0
0,60,10,7,2,2,1,0,0,1,0,0
0,62,12,7,1,1,1,0,0,1,0,0
0,63,18,7,2,1,1,0,0,1,0,0
0,44,21,7,1,1,1,0,1,1,0,0
0,64,21,7,1,1,1,0,1,1,0,0
0,49,13,7,1,1,1,0,1,1,0,0
0,59,13,7,1,1,1,0,1,1,0,0
0,41,19,7,1,1,1,0,1,1,0,0
0,41,23,7,1,1,1,0,1,1,0,0
0,54,23,7,1,1,1,0,1,1,0,0
0,67,19,7,1,1,1,0,1,1,0,0
0,67,23,7,1,1,1,0,1,1,0,0
0,54,22,7,1,1,1,0,1,1,0,0
0,41,21,7,1,1,1,0,1,1,0,0
0,43,16,7,1,1,1,0,1,1,0,0
0,42,17,7,1,1,1,0,1,1,0,0
0,43,25,7,1,1,1,0,1,1,0,0
0,44,26,7,1,1,1,0,1,1,0,0
0,44,25,7,1,1,1,0,1,1,0,0
0,46,27,7,1,1,1,0,1,1,0,0
0,50,27,7,1,1,1,0,1,1,0,0
0,52,26,7,1,1,1,0,1,1,0,0
0,52,16,7,1,1,1,0,1,1,0,0
0,53,25,7,1,1,1,0,1,1,0,0
0,53,19,7,1,1,1,0,1,1,0,0
0,55,19,7,1,1,1,0,1,1,0,0
0,56,16,7,1,1,1,0,1,1,0,0
0,55,17,7,1,1,1,0,1,1,0,0
0,55,25,7,1,1,1,0,1,1,0,0
0,56,15,7,1,1,1,0,1,1,0,0
0,56,25,7,1,1,1,0,1,1,0,0
0,58,26,7,1,1,1,0,1,1,0,0
0,61,27,7,1,1,1,0,1,1,0,0
0,63,27,7,1,1,1,0,1,1,0,0
0,65,26,7,1,1,1,0,1,1,0,0
0,66,16,7,1,1,1,0,1,1,0,0
0,66,24,7,1,1,1,0,1,1,0,0
0,66,17,7,1,1,1,0,1,1,0,0
0,67,22,7,1,1,1,0,1,1,0,0
0,42,21,7,1,1,1,0,1,1,0,0
0,46,26,7,1,1,1,0,1,1,0,0
0,51,26,7,1,1,1,0,1,1,0,0
0,54,24,7,1,1,1,0,1,1,0,0
0,55,18,7,1,1,1,0,1,1,0,0
0,63,26,7,1,1,1,0,1,1,0,0
0,65,25,7,1,1,1,0,1,1,0,0
0,67,18,7,1,1,1,0,1,1,0,0
0,43,24,7,1,1,1,0,1,1,0,0
0,49,16,7,1,1,1,0,1,1,0,0
0,49,27,7,1,1,1,0,1,1,0,0
0,51,21,7,1,1,1,0,1,1,0,0
0,53,17,7,1,1,1,0,1,1,0,0
0,52,24,7,1,1,1,0,1,1,0,0
0,55,24,7,1,1,1,0,1,1,0,0
0,57,26,7,1,1,1,0,1,1,0,0
0,57,21,7,1,1,1,0,1,1,0,0
0,62,16,7,1,1,1,0,1,1,0,0
0,60,27,7,1,1,1,0,1,1,0,0
0,55,21,7,1,1,1,0,1,1,0,0
0,65,17,7,1,1,1,0,1,1,0,0
0,48,16,7,1,1,1,0,1,1,0,0
0,44,24,7,1,1,1,0,1,1,0,0
0,46,18,7,1,1,1,0,1,1,0,0
0,52,18,7,1,1,1,0,1,1,0,0
0,61,16,7,1,1,1,0,1,1,0,0
0,56,18,7,1,1,1,0,1,1,0,0
0,62,18,7,1,1,1,0,1,1,0,0
0,64,24,7,1,1,1,0,1,1,0,0
0,45,12,8,1,1,1,0,0,1,0,0
0,45,21,8,1,2,1,0,0,1,0,0
0,46,22,8,2,2,1,0,0,1,0,0
0,48,22,8,1,2,1,0,0,1,0,0
0,50,11,8,1,1,1,0,0,1,0,0
0,50,12,8,2,8,1,0,0,1,0,0
0,57,12,8,2,8,1,0,0,1,0,0
0,58,11,8,1,1,1,0,0,1,0,0
0,60,22,8,2,2,1,0,0,1,0,0
0,62,22,8,1,2,1,0,0,1,0,0
0,63,12,8,1,1,1,0,0,1,0,0
0,63,21,8,1,2,1,0,0,1,0,0
0,44,13,8,2,8,1,0,0,1,0,0
0,44,21,8,1,1,1,0,0,1,0,0
0,46,11,8,4,2,1,0,0,1,0,0
0,49,20,8,2,4,1,0,0,1,0,0
0,58,20,8,2,4,1,0,0,1,0,0
0,59,11,8,4,2,1,0,0,1,0,0
0,63,13,8,2,8,1,0,0,1,0,0
0,64,21,8,1,1,1,0,0,1,0,0
0,49,13,8,1,1,1,0,1,1,0,0
0,59,13,8,1,1,1,0,1,1,0,0
0,41,19,8,1,1,1,0,1,1,0,0
0,41,23,8,1,1,1,0,1,1,0,0
0,54,23,8,1,1,1,0,1,1,0,0
0,67,19,8,1,1,1,0,1,1,0,0
0,67,23,8,1,1,1,0,1,1,0,0
0,54,22,8,1,1,1,0,1,1,0,0
0,41,21,8,1,1,1,0,1,1,0,0
0,43,16,8,1,1,1,0,1,1,0,0
0,42,17,8,1,1,1,0,1,1,0,0
0,43,25,8,1,1,1,0,1,1,0,0
0,44,26,8,1,1,1,0,1,1,0,0
0,44,25,8,1,1,1,0,1,1,0,0
0,46,27,8,1,1,1,0,1,1,0,0
0,50,27,8,1,1,1,0,1,1,0,0
0,52,26,8,1,1,1,0,1,1,0,0
0,52,16,8,1,1,1,0,1,1,0,0
0,53,25,8,1,1,1,0,1,1,0,0
0,53,19,8,1,1,1,0,1,1,0,0
0,55,19,8,1,1,1,0,1,1,0,0
0,56,16,8,1,1,1,0,1,1,0,0
0,55,17,8,1,1,1,0,1,1,0,0
0,55,25,8,1,1,1,0,1,1,0,0
0,56,15,8,1,1,1,0,1,1,0,0
0,56,25,8,1,1,1,0,1,1,0,0
0,58,26,8,1,1,1,0,1,1,0,0
0,61,27,8,1,1,1,0,1,1,0,0
0,63,27,8,1,1,1,0,1,1,0,0
0,65,26,8,1,1,1,0,1,1,0,0
0,66,16,8,1,1,1,0,1,1,0,0
0,66,24,8,1,1,1,0,1,1,0,0
0,66,17,8,1,1,1,0,1,1,0,0
0,67,22,8,1,1,1,0,1,1,0,0
0,42,21,8,1,1,1,0,1,1,0,0
0,46,26,8,1,1,1,0,1,1,0,0
0,51,26,8,1,1,1,0,1,1,0,0
0,54,24,8,1,1,1,0,1,1,0,0
0,55,18,8,1,1,1,0,1,1,0,0
0,63,26,8,1,1,1,0,1,1,0,0
0,65,25,8,1,1,1,0,1,1,0,0
0,67,18,8,1,1,1,0,1,1,0,0
0,43,24,8,1,1,1,0,1,1,0,0
0,49,16,8,1,1,1,0,1,1,0,0
0,49,27,8,1,1,1,0,1,1,0,0
0,51,21,8,1,1,1,0,1,1,0,0
0,53,17,8,1,1,1,0,1,1,0,0
0,52,24,8,1,1,1,0,1,1,0,0
0,55,24,8,1,1,1,0,1,1,0,0
0,57,26,8,1,1,1,0,1,1,0,0
0,57,21,8,1,1,1,0,1,1,0,0
0,62,16,8,1,1,1,0,1,1,0,0
0,60,27,8,1,1,1,0,1,1,0,0
0,55,21,8,1,1,1,0,1,1,0,0
0,65,17,8,1,1,1,0,1,1,0,0
0,48,16,8,1,1,1,0,1,1,0,0
0,44,24,8,1,1,1,0,1,1,0,0
0,46,18,8,1,1,1,0,1,1,0,0
0,52,18,8,1,1,1,0,1,1,0,0
0,61,16,8,1,1,1,0,1,1,0,0
0,56,18,8,1,1,1,0,1,1,0,0
0,62,18,8,1,1,1,0,1,1,0,0
0,64,24,8,1,1,1,0,1,1,0,0
0,44,14,9,2,8,1,0,0,1,0,0
0,45,22,9,1,1,1,0,0,1,0,0
0,46,22,9,4,2,1,0,0,1,0,0
0,49,12,9,2,1,1,0,0,1,0,0
0,50,23,9,1,1,1,0,0,1,0,0
0,58,12,9,2,1,1,0,0,1,0,0
0,58,22,9,4,2,1,0,0,1,0,0
0,62,22,9,2,1,1,0,0,1,0,0
0,62,23,9,1,1,1,0,0,1,0,0
0,63,14,9,2,8,1,0,0,1,0,0
0,45,12,9,4,2,1,0,0,1,0,0
0,49,13,9,1,1,1,0,0,1,0,0
0,50,13,9,2,8,1,0,0,1,0,0
0,50,21,9,2,2,1,0,0,1,0,0
0,57,13,9,2,8,1,0,0,1,0,0
0,57,21,9,2,1,1,0,0,1,0,0
0,59,13,9,1,1,1,0,0,1,0,0
0,60,12,9,4,2,1,0,0,1,0,0
0,41,19,9,1,1,1,0,1,1,0,0
0,41,23,9,1,1,1,0,1,1,0,0
0,54,23,9,1,1,1,0,1,1,0,0
0,67,19,9,1,1,1,0,1,1,0,0
0,67,23,9,1,1,1,0,1,1,0,0
0,54,22,9,1,1,1,0,1,1,0,0
0,41,21,9,1,1,1,0,1,1,0,0
0,43,16,9,1,1,1,0,1,1,0,0
0,42,17,9,1,1,1,0,1,1,0,0
0,43,25,9,1,1,1,0,1,1,0,0
0,44,26,9,1,1,1,0,1,1,0,0
0,44,25,9,1,1,1,0,1,1,0,0
0,46,27,9,1,1,1,0,1,1,0,0
0,50,27,9,1,1,1,0,1,1,0,0
0,52,26,9,1,1,1,0,1,1,0,0
0,52,16,9,1,1,1,0,1,1,0,0
0,53,25,9,1,1,1,0,1,1,0,0
0,53,19,9,1,1,1,0,1,1,0,0
0,55,19,9,1,1,1,0,1,1,0,0
0,56,16,9,1,1,1,0,1,1,0,0
0,55,17,9,1,1,1,0,1,1,0,0
0,55,25,9,1,1,1,0,1,1,0,0
0,56,15,9,1,1,1,0,1,1,0,0
0,56,25,9,1,1,1,0,1,1,0,0
0,58,26,9,1,1,1,0,1,1,0,0
0,61,27,9,1,1,1,0,1,1,0,0
0,63,27,9,1,1,1,0,1,1,0,0
0,65,26,9,1,1,1,0,1,1,0,0
0,66,16,9,1,1,1,0,1,1,0,0
0,66,24,9,1,1,1,0,1,1,0,0
0,66,17,9,1,1,1,0,1,1,0,0
0,67,22,9,1,1,1,0,1,1,0,0
0,42,21,9,1,1,1,0,1,1,0,0
0,46,26,9,1,1,1,0,1,1,0,0
0,51,26,9,1,1,1,0,1,1,0,0
0,54,24,9,1,1,1,0,1,1,0,0
0,55,18,9,1,1,1,0,1,1,0,0
0,63,26,9,1,1,1,0,1,1,0,0
0,65,25,9,1,1,1,0,1,1,0,0
0,67,18,9,1,1,1,0,1,1,0,0
0,43,24,9,1,1,1,0,1,1,0,0
0,49,16,9,1,1,1,0,1,1,0,0
0,49,27,9,1,1,1,0,1,1,0,0
0,53,17,9,1,1,1,0,1,1,0,0
0,52,24,9,1,1,1,0,1,1,0,0
0,55,24,9,1,1,1,0,1,1,0,0
0,57,26,9,1,1,1,0,1,1,0,0
0,62,16,9,1,1,1,0,1,1,0,0
0,60,27,9,1,1,1,0,1,1,0,0
0,55,21,9,1,1,1,0,1,1,0,0
0,65,17,9,1,1,1,0,1,1,0,0
0,48,16,9,1,1,1,0,1,1,0,0
0,44,24,9,1,1,1,0,1,1,0,0
0,46,18,9,1,1,1,0,1,1,0,0
0,52,18,9,1,1,1,0,1,1,0,0
0,61,16,9,1,1,1,0,1,1,0,0
0,56,18,9,1,1,1,0,1,1,0,0
0,62,18,9,1,1,1,0,1,1,0,0
0,64,24,9,1,1,1,0,1,1,0,0
0,44,15,10,2,1,1,0,0,1,0,0
0,44,16,10,2,4,1,0,0,1,0,0
0,44,20,10,2,2,1,0,0,1,0,0
0,47,12,10,2,2,1,0,0,1,0,0
0,49,22,10,2,2,1,0,0,1,0,0
0,50,13,10,1,1,1,0,0,1,0,0
0,50,14,10,2,8,1,0,0,1,0,0
0,57,14,10,2,8,1,0,0,1,0,0
0,58,13,10,1,1,1,0,0,1,0,0
0,58,22,10,2,2,1,0,0,1,0,0
0,60,12,10,2,2,1,0,0,1,0,0
0,63,15,10,2,4,1,0,0,1,0,0
0,63,19,10,2,2,1,0,0,1,0,0
0,63,21,10,2,1,1,0,0,1,0,0
0,45,13,10,2,2,1,0,0,1,0,0
0,45,22,10,4,2,1,0,0,1,0,0
0,49,13,10,1,2,1,0,0,1,0,0
0,59,13,10,1,2,1,0,0,1,0,0
0,60,22,10,4,2,1,0,0,1,0,0
0,62,13,10,2,2,1,0,0,1,0,0
0,41,19,10,1,1,1,0,1,1,0,0
0,41,23,10,1,1,1,0,1,1,0,0
0,54,23,10,1,1,1,0,1,1,0,0
0,67,19,10,1,1,1,0,1,1,0,0
0,67,23,10,1,1,1,0,1,1,0,0
0,54,22,10,1,1,1,0,1,1,0,0
0,41,21,10,1,1,1,0,1,1,0,0
0,43,16,10,1,1,1,0,1,1,0,0
0,42,17,10,1,1,1,0,1,1,0,0
0,43,25,10,1,1,1,0,1,1,0,0
0,44,26,10,1,1,1,0,1,1,0,0
0,44,25,10,1,1,1,0,1,1,0,0
0,46,27,10,1,1,1,0,1,1,0,0
0,50,27,10,1,1,1,0,1,1,0,0
0,52,26,10,1,1,1,0,1,1,0,0
0,52,16,10,1,1,1,0,1,1,0,0
0,53,25,10,1,1,1,0,1,1,0,0
0,53,19,10,1,1,1,0,1,1,0,0
0,55,19,10,1,1,1,0,1,1,0,0
0,56,16,10,1,1,1,0,1,1,0,0
0,55,17,10,1,1,1,0,1,1,0,0
0,55,25,10,1,1,1,0,1,1,0,0
0,56,15,10,1,1,1,0,1,1,0,0
0,56,25,10,1,1,1,0,1,1,0,0
0,58,26,10,1,1,1,0,1,1,0,0
0,61,27,10,1,1,1,0,1,1,0,0
0,63,27,10,1,1,1,0,1,1,0,0
0,65,26,10,1,1,1,0,1,1,0,0
0,66,16,10,1,1,1,0,1,1,0,0
0,66,24,10,1,1,1,0,1,1,0,0
0,66,17,10,1,1,1,0,1,1,0,0
0,67,22,10,1,1,1,0,1,1,0,0
0,42,21,10,1,1,1,0,1,1,0,0
0,46,26,10,1,1,1,0,1,1,0,0
0,51,26,10,1,1,1,0,1,1,0,0
0,54,24,10,1,1,1,0,1,1,0,0
0,55,18,10,1,1,1,0,1,1,0,0
0,63,26,10,1,1,1,0,1,1,0,0
0,65,25,10,1,1,1,0,1,1,0,0
0,67,18,10,1,1,1,0,1,1,0,0
0,43,24,10,1,1,1,0,1,1,0,0
0,49,16,10,1,1,1,0,1,1,0,0
0,49,27,10,1,1,1,0,1,1,0,0
0,53,17,10,1,1,1,0,1,1,0,0
0,52,24,10,1,1,1,0,1,1,0,0
0,55,24,10,1,1,1,0,1,1,0,0
0,57,26,10,1,1,1,0,1,1,0,0
0,62,16,10,1,1,1,0,1,1,0,0
0,60,27,10,1,1,1,0,1,1,0,0
0,55,21,10,1,1,1,0,1,1,0,0
0,65,17,10,1,1,1,0,1,1,0,0
0,48,16,10,1,1,1,0,1,1,0,0
0,44,24,10,1,1,1,0,1,1,0,0
0,46,18,10,1,1,1,0,1,1,0,0
0,52,18,10,1,1,1,0,1,1,0,0
0,61,16,10,1,1,1,0,1,1,0,0
0,56,18,10,1,1,1,0,1,1,0,0
0,62,18,10,1,1,1,0,1,1,0,0
0,64,24,10,1,1,1,0,1,1,0,0
0,45,14,11,1,1,1,0,0,1,0,0
0,45,23,11,1,1,1,0,0,1,0,0
0,46,22,11,4,2,1,0,0,1,0,0
0,50,14,11,1,1,1,0,0,1,0,0
0,50,15,11,2,1,1,0,0,1,0,0
0,50,16,11,2,4,1,0,0,1,0,0
0,50,20,11,2,2,1,0,0,1,0,0
0,50,22,11,1,2,1,0,0,1,0,0
0,57,15,11,2,4,1,0,0,1,0,0
0,57,19,11,2,2,1,0,0,1,0,0
0,57,21,11,2,1,1,0,0,1,0,0
0,58,14,11,1,1,1,0,0,1,0,0
0,58,22,11,4,2,1,0,0,1,0,0
0,62,22,11,1,1,1,0,0,1,0,0
0,62,23,11,2,1,1,0,0,1,0,0
0,63,14,11,1,1,1,0,0,1,0,0
0,44,15,11,2,8,1,0,0,1,0,0
0,46,13,11,4,2,1,0,0,1,0,0
0,59,13,11,4,2,1,0,0,1,0,0
0,63,15,11,2,8,1,0,0,1,0,0
0,41,19,11,1,1,1,0,1,1,0,0
0,41,23,11,1,1,1,0,1,1,0,0
0,54,23,11,1,1,1,0,1,1,0,0
0,67,19,11,1,1,1,0,1,1,0,0
0,67,23,11,1,1,1,0,1,1,0,0
0,54,22,11,1,1,1,0,1,1,0,0
0,41,21,11,1,1,1,0,1,1,0,0
0,43,16,11,1,1,1,0,1,1,0,0
0,42,17,11,1,1,1,0,1,1,0,0
0,43,25,11,1,1,1,0,1,1,0,0
0,44,26,11,1,1,1,0,1,1,0,0
0,44,25,11,1,1,1,0,1,1,0,0
0,46,27,11,1,1,1,0,1,1,0,0
0,50,27,11,1,1,1,0,1,1,0,0
0,52,26,11,1,1,1,0,1,1,0,0
0,52,16,11,1,1,1,0,1,1,0,0
0,53,25,11,1,1,1,0,1,1,0,0
0,53,19,11,1,1,1,0,1,1,0,0
0,55,19,11,1,1,1,0,1,1,0,0
0,56,16,11,1,1,1,0,1,1,0,0
0,55,17,11,1,1,1,0,1,1,0,0
0,55,25,11,1,1,1,0,1,1,0,0
0,56,15,11,1,1,1,0,1,1,0,0
0,56,25,11,1,1,1,0,1,1,0,0
0,58,26,11,1,1,1,0,1,1,0,0
0,61,27,11,1,1,1,0,1,1,0,0
0,63,27,11,1,1,1,0,1,1,0,0
0,65,26,11,1,1,1,0,1,1,0,0
0,66,16,11,1,1,1,0,1,1,0,0
0,66,24,11,1,1,1,0,1,1,0,0
0,66,17,11,1,1,1,0,1,1,0,0
0,67,22,11,1,1,1,0,1,1,0,0
0,42,21,11,1,1,1,0,1,1,0,0
0,46,26,11,1,1,1,0,1,1,0,0
0,51,26,11,1,1,1,0,1,1,0,0
0,54,24,11,1,1,1,0,1,1,0,0
0,55,18,11,1,1,1,0,1,1,0,0
0,63,26,11,1,1,1,0,1,1,0,0
0,65,25,11,1,1,1,0,1,1,0,0
0,67,18,11,1,1,1,0,1,1,0,0
0,43,24,11,1,1,1,0,1,1,0,0
0,49,16,11,1,1,1,0,1,1,0,0
0,49,27,11,1,1,1,0,1,1,0,0
0,53,17,11,1,1,1,0,1,1,0,0
0,52,24,11,1,1,1,0,1,1,0,0
0,55,24,11,1,1,1,0,1,1,0,0
0,57,26,11,1,1,1,0,1,1,0,0
0,62,16,11,1,1,1,0,1,1,0,0
0,60,27,11,1,1,1,0,1,1,0,0
0,55,21,11,1,1,1,0,1,1,0,0
0,65,17,11,1,1,1,0,1,1,0,0
0,48,16,11,1,1,1,0,1,1,0,0
0,44,24,11,1,1,1,0,1,1,0,0
0,46,18,11,1,1,1,0,1,1,0,0
0,52,18,11,1,1,1,0,1,1,0,0
0,61,16,11,1,1,1,0,1,1,0,0
0,56,18,11,1,1,1,0,1,1,0,0
0,62,18,11,1,1,1,0,1,1,0,0
0,64,24,11,1,1,1,0,1,1,0,0
0,41,19,12,1,1,1,0,0,1,0,0
0,41,20,12,1,4,1,0,0,1,0,0
0,44,15,12,2,8,1,0,0,1,0,0
0,46,22,12,4,2,1,0,0,1,0,0
0,50,14,12,1,2,1,0,0,1,0,0
0,50,16,12,2,4,1,0,0,1,0,0
0,50,20,12,2,2,1,0,0,1,0,0
0,50,22,12,1,1,1,0,0,1,0,0
0,51,15,12,1,1,1,0,0,1,0,0
0,57,15,12,2,4,1,0,0,1,0,0
0,57,19,12,2,2,1,0,0,1,0,0
0,57,21,12,1,1,1,0,0,1,0,0
0,58,14,12,1,1,1,0,0,1,0,0
0,58,21,12,1,2,1,0,0,1,0,0
0,59,22,12,4,2,1,0,0,1,0,0
0,63,15,12,2,8,1,0,0,1,0,0
0,46,14,12,4,2,1,0,0,1,0,0
0,54,20,12,1,4,1,0,0,1,0,0
0,59,14,12,4,2,1,0,0,1,0,0
0,67,19,12,1,1,1,0,0,1,0,0
0,67,20,12,1,4,1,0,0,1,0,0
0,43,16,12,1,1,1,0,1,1,0,0
0,42,17,12,1,1,1,0,1,1,0,0
0,43,25,12,1,1,1,0,1,1,0,0
0,44,26,12,1,1,1,0,1,1,0,0
0,44,25,12,1,1,1,0,1,1,0,0
0,46,27,12,1,1,1,0,1,1,0,0
0,50,27,12,1,1,1,0,1,1,0,0
0,52,26,12,1,1,1,0,1,1,0,0
0,52,16,12,1,1,1,0,1,1,0,0
0,53,25,12,1,1,1,0,1,1,0,0
0,53,19,12,1,1,1,0,1,1,0,0
0,55,19,12,1,1,1,0,1,1,0,0
0,56,16,12,1,1,1,0,1,1,0,0
0,55,17,12,1,1,1,0,1,1,0,0
0,55,25,12,1,1,1,0,1,1,0,0
0,56,15,12,1,1,1,0,1,1,0,0
0,56,25,12,1,1,1,0,1,1,0,0
0,58,26,12,1,1,1,0,1,1,0,0
0,61,27,12,1,1,1,0,1,1,0,0
0,63,27,12,1,1,1,0,1,1,0,0
0,65,26,12,1,1,1,0,1,1,0,0
0,66,16,12,1,1,1,0,1,1,0,0
0,66,24,12,1,1,1,0,1,1,0,0
0,66,17,12,1,1,1,0,1,1,0,0
0,42,21,12,1,1,1,0,1,1,0,0
0,46,26,12,1,1,1,0,1,1,0,0
0,51,26,12,1,1,1,0,1,1,0,0
0,54,24,12,1,1,1,0,1,1,0,0
0,55,18,12,1,1,1,0,1,1,0,0
0,63,26,12,1,1,1,0,1,1,0,0
0,65,25,12,1,1,1,0,1,1,0,0
0,67,18,12,1,1,1,0,1,1,0,0
0,43,24,12,1,1,1,0,1,1,0,0
0,49,16,12,1,1,1,0,1,1,0,0
0,49,27,12,1,1,1,0,1,1,0,0
0,53,17,12,1,1,1,0,1,1,0,0
0,52,24,12,1,1,1,0,1,1,0,0
0,55,24,12,1,1,1,0,1,1,0,0
0,57,26,12,1,1,1,0,1,1,0,0
0,62,16,12,1,1,1,0,1,1,0,0
0,60,27,12,1,1,1,0,1,1,0,0
0,55,21,12,1,1,1,0,1,1,0,0
0,65,17,12,1,1,1,0,1,1,0,0
0,48,16,12,1,1,1,0,1,1,0,0
0,44,24,12,1,1,1,0,1,1,0,0
0,46,18,12,1,1,1,0,1,1,0,0
0,52,18,12,1,1,1,0,1,1,0,0
0,61,16,12,1,1,1,0,1,1,0,0
0,56,18,12,1,1,1,0,1,1,0,0
0,62,18,12,1,1,1,0,1,1,0,0
0,64,24,12,1,1,1,0,1,1,0,0
0,44,16,13,2,4,1,0,0,1,0,0
0,44,20,13,2,2,1,0,0,1,0,0
0,45,22,13,1,1,1,0,0,1,0,0
0,46,14,13,4,2,1,0,0,1,0,0
0,46,22,13,4,2,1,0,0,1,0,0
0,50,16,13,2,4,1,0,0,1,0,0
0,50,20,13,1,3,1,0,0,1,0,0
0,51,20,13,1,1,1,0,0,1,0,0
0,54,20,13,1,3,1,0,0,1,0,0
0,57,15,13,2,4,1,0,0,1,0,0
0,57,19,13,2,2,1,0,0,1,0,0
0,58,22,13,1,1,1,0,0,1,0,0
0,59,14,13,4,2,1,0,0,1,0,0
0,59,22,13,4,2,1,0,0,1,0,0
0,63,15,13,2,4,1,0,0,1,0,0
0,63,19,13,2,2,1,0,0,1,0,0
0,63,21,13,2,1,1,0,0,1,0,0
0,63,22,13,1,1,1,0,0,1,0,0
0,41,18,13,2,4,1,0,0,1,0,0
0,41,22,13,2,2,1,0,0,1,0,0
0,42,16,13,2,1,1,0,0,1,0,0
0,42,17,13,1,1,1,0,0,1,0,0
0,42,24,13,2,2,1,0,0,1,0,0
0,43,15,13,3,1,1,0,0,1,0,0
0,43,26,13,2,1,1,0,0,1,0,0
0,44,25,13,1,1,1,0,0,1,0,0
0,45,26,13,2,2,1,0,0,1,0,0
0,47,27,13,4,1,1,0,0,1,0,0
0,50,15,13,3,1,1,0,0,1,0,0
0,50,26,13,3,1,1,0,0,1,0,0
0,52,16,13,1,1,1,0,0,1,0,0
0,52,25,13,2,1,1,0,0,1,0,0
0,53,16,13,1,4,1,0,0,1,0,0
0,53,23,13,2,2,1,0,0,1,0,0
0,54,18,13,2,2,1,0,0,1,0,0
0,55,16,13,2,1,1,0,0,1,0,0
0,55,17,13,1,1,1,0,0,1,0,0
0,55,23,13,1,3,1,0,0,1,0,0
0,56,15,13,1,1,1,0,0,1,0,0
0,56,25,13,1,1,1,0,0,1,0,0
0,56,26,13,3,1,1,0,0,1,0,0
0,58,21,13,2,1,1,0,0,1,0,0
0,58,27,13,4,1,1,0,0,1,0,0
0,62,26,13,2,2,1,0,0,1,0,0
0,64,25,13,2,2,1,0,0,1,0,0
0,65,16,13,2,1,1,0,0,1,0,0
0,65,24,13,2,1,1,0,0,1,0,0
0,66,17,13,1,1,1,0,0,1,0,0
0,66,18,13,2,2,1,0,0,1,0,0
0,66,20,13,2,4,1,0,0,1,0,0
0,49,16,13,1,1,1,0,1,1,0,0
0,51,21,13,1,1,1,0,1,1,0,0
0,52,24,13,1,1,1,0,1,1,0,0
0,57,21,13,1,1,1,0,1,1,0,0
0,62,16,13,1,1,1,0,1,1,0,0
0,55,21,13,1,1,1,0,1,1,0,0
0,65,17,13,1,1,1,0,1,1,0,0
0,48,16,13,1,1,1,0,1,1,0,0
0,44,24,13,1,1,1,0,1,1,0,0
0,46,18,13,1,1,1,0,1,1,0,0
0,52,18,13,1,1,1,0,1,1,0,0
0,61,16,13,1,1,1,0,1,1,0,0
0,56,18,13,1,1,1,0,1,1,0,0
0,62,18,13,1,1,1,0,1,1,0,0
0,64,24,13,1,1,1,0,1,1,0,0
0,42,17,14,1,4,1,0,0,1,0,0
0,42,21,14,1,2,1,0,0,1,0,0
0,43,25,14,1,1,1,0,0,1,0,0
0,44,15,14,1,2,1,0,0,1,0,0
0,44,17,14,2,4,1,0,0,1,0,0
0,44,25,14,1,2,1,0,0,1,0,0
0,45,21,14,1,2,1,0,0,1,0,0
0,45,26,14,1,1,1,0,0,1,0,0
0,46,14,14,2,2,1,0,0,1,0,0
0,46,22,14,4,2,1,0,0,1,0,0
0,50,17,14,2,4,1,0,0,1,0,0
0,50,21,14,1,2,1,0,0,1,0,0
0,50,26,14,1,1,1,0,0,1,0,0
0,52,15,14,1,1,1,0,0,1,0,0
0,53,18,14,1,1,1,0,0,1,0,0
0,53,23,14,1,2,1,0,0,1,0,0
0,55,18,14,1,2,1,0,0,1,0,0
0,56,15,14,1,1,1,0,0,1,0,0
0,57,17,14,2,4,1,0,0,1,0,0
0,58,21,14,1,2,1,0,0,1,0,0
0,58,26,14,1,1,1,0,0,1,0,0
0,59,22,14,4,2,1,0,0,1,0,0
0,63,17,14,2,4,1,0,0,1,0,0
0,63,21,14,1,2,1,0,0,1,0,0
0,63,26,14,1,1,1,0,0,1,0,0
0,64,15,14,1,2,1,0,0,1,0,0
0,64,25,14,1,2,1,0,0,1,0,0
0,65,25,14,1,1,1,0,0,1,0,0
0,66,17,14,1,4,1,0,0,1,0,0
0,66,21,14,1,2,1,0,0,1,0,0
0,42,23,14,2,2,1,0,0,1,0,0
0,43,16,14,1,2,1,0,0,1,0,0
0,45,14,14,1,2,1,0,0,1,0,0
0,46,16,14,4,1,1,0,0,1,0,0
0,46,26,14,4,2,1,0,0,1,0,0
0,48,14,14,4,2,1,0,0,1,0,0
0,51,21,14,1,1,1,0,0,1,0,0
0,51,25,14,2,2,1,0,0,1,0,0
0,52,16,14,2,2,1,0,0,1,0,0
0,52,24,14,1,1,1,0,0,1,0,0
0,53,19,14,2,4,1,0,0,1,0,0
0,55,16,14,2,2,1,0,0,1,0,0
0,55,20,14,1,4,1,0,0,1,0,0
0,55,24,14,2,1,1,0,0,1,0,0
0,56,25,14,2,2,1,0,0,1,0,0
0,57,14,14,1,2,1,0,0,1,0,0
0,57,21,14,1,1,1,0,0,1,0,0
0,58,14,14,2,2,1,0,0,1,0,0
0,59,16,14,4,1,1,0,0,1,0,0
0,59,26,14,4,2,1,0,0,1,0,0
0,60,14,14,4,2,1,0,0,1,0,0
0,65,16,14,1,2,1,0,0,1,0,0
0,65,23,14,2,2,1,0,0,1,0,0
0,44,24,14,1,1,1,0,1,1,0,0
0,46,18,14,1,1,1,0,1,1,0,0
0,52,18,14,1,1,1,0,1,1,0,0
0,56,18,14,1,1,1,0,1,1,0,0
0,62,18,14,1,1,1,0,1,1,0,0
0,64,24,14,1,1,1,0,1,1,0,0
0,42,20,15,1,3,1,0,0,1,0,0
0,44,15,15,1,1,1,0,0,1,0,0
0,45,14,15,4,2,1,0,0,1,0,0
0,45,22,15,1,1,1,0,0,1,0,0
0,45,26,15,4,1,1,0,0,1,0,0
0,46,22,15,4,2,1,0,0,1,0,0
0,49,14,15,2,2,1,0,0,1,0,0
0,49,26,15,2,1,1,0,0,1,0,0
0,50,18,15,2,4,1,0,0,1,0,0
0,51,15,15,1,1,1,0,0,1,0,0
0,53,18,15,1,4,1,0,0,1,0,0
0,53,22,15,1,1,1,0,0,1,0,0
0,55,18,15,1,4,1,0,0,1,0,0
0,55,22,15,1,1,1,0,0,1,0,0
0,57,15,15,1,1,1,0,0,1,0,0
0,57,18,15,2,4,1,0,0,1,0,0
0,58,14,15,2,2,1,0,0,1,0,0
0,58,26,15,2,1,1,0,0,1,0,0
0,60,14,15,4,2,1,0,0,1,0,0
0,60,26,15,4,1,1,0,0,1,0,0
0,62,22,15,2,1,1,0,0,1,0,0
0,62,23,15,1,1,1,0,0,1,0,0
0,64,15,15,1,1,1,0,0,1,0,0
0,64,16,15,2,2,1,0,0,1,0,0
0,66,20,15,1,3,1,0,0,1,0,0
0,42,18,15,4,2,1,0,0,1,0,0
0,43,16,15,8,2,1,0,0,1,0,0
0,43,22,15,1,3,1,0,0,1,0,0
0,44,20,15,2,2,1,0,0,1,0,0
0,44,24,15,1,1,1,0,0,1,0,0
0,44,25,15,2,1,1,0,0,1,0,0
0,46,18,15,1,1,1,0,0,1,0,0
0,50,22,15,1,2,1,0,0,1,0,0
0,50,25,15,3,1,1,0,0,1,0,0
0,51,16,15,2,2,1,0,0,1,0,0
0,52,18,15,1,1,1,0,0,1,0,0
0,52,23,15,2,2,1,0,0,1,0,0
0,55,23,15,2,2,1,0,0,1,0,0
0,56,16,15,8,2,1,0,0,1,0,0
0,56,18,15,1,1,1,0,0,1,0,0
0,56,25,15,3,1,1,0,0,1,0,0
0,58,22,15,4,2,1,0,0,1,0,0
0,62,18,15,1,1,1,0,0,1,0,0
0,63,18,15,4,2,1,0,0,1,0,0
0,63,20,15,2,2,1,0,0,1,0,0
0,63,25,15,2,1,1,0,0,1,0,0
0,64,24,15,1,1,1,0,0,1,0,0
0,65,22,15,1,3,1,0,0,1,0,0
